#{"t_start": 1719614991.6370544, "env_id": "CTFENVMA_sb3"}
r,l,t,c,f,p,a
-1.0,138,2.616453,0,10.839332,2.586831,127_1_3_2_1_1_2_1_0_0_0_0_0_0_
-1.0,212,5.057714,0,3.593763,1.480471,196_0_1_1_4_4_5_1_0_0_0_0_0_0_
-1.0,162,7.04629,0,9.212995,2.697529,149_1_2_4_0_4_1_1_0_0_0_0_0_0_
-1.0,126,8.540595,0,8.684,2.106545,116_2_2_2_1_0_1_2_0_0_0_0_0_0_
-1.0,171,10.639339,0,6.939228,2.175492,157_3_4_2_1_1_1_2_0_0_0_0_0_0_
-1.0,164,12.6102,0,3.695761,2.70475,151_2_1_3_4_1_1_1_0_0_0_0_0_0_
-1.0,140,14.384805,0,1.359586,2.775981,129_2_1_2_2_1_3_0_0_0_0_0_0_0_
-1.0,152,16.237871,0,23.033522,2.547099,140_2_3_3_0_1_1_2_0_0_0_0_0_0_
-1.0,126,17.760374,0,19.87921,2.577547,116_1_1_2_2_1_2_1_0_0_0_0_0_0_
-1.0,122,19.2146,0,25.224167,2.063825,112_3_1_2_2_0_2_0_0_0_0_0_0_0_
-1.0,134,20.835639,0,1.231127,2.14497,123_2_3_2_2_0_1_1_0_0_0_0_0_0_
-1.0,173,23.009851,0,37.589661,2.287192,159_1_4_3_2_2_2_0_0_0_0_0_0_0_
-1.0,140,24.693856,0,25.845293,2.479955,129_1_2_0_2_1_3_2_0_0_0_0_0_0_
-1.0,111,27.977957,0,8.621891,2.484089,102_2_2_2_1_0_0_2_0_0_0_0_0_0_
-1.0,127,29.46743,0,9.049471,2.669223,117_2_1_1_2_2_0_2_0_0_0_0_0_0_
-1.0,141,31.266202,0,10.081008,2.340877,130_2_1_2_1_1_3_1_0_0_0_0_0_0_
-1.0,183,33.479333,0,36.629292,2.10616,168_2_5_2_2_2_1_1_0_0_0_0_0_0_
-1.0,136,35.127343,0,31.676634,1.962184,125_2_2_2_1_1_2_1_0_0_0_0_0_0_
-1.0,127,36.654172,0,16.880043,2.446966,117_1_2_1_1_2_1_2_0_0_0_0_0_0_
-1.0,230,39.501842,0,25.657473,1.186081,212_2_3_3_2_1_3_4_0_0_0_0_0_0_
-1.0,90,40.604472,0,20.984352,2.683958,83_1_1_1_0_2_0_2_0_0_0_0_0_0_
-1.0,124,42.127976,0,13.999285,2.818943,114_0_3_1_2_1_3_0_0_0_0_0_0_0_
-1.0,149,43.923693,0,19.593557,2.373388,137_1_3_2_1_2_1_2_0_0_0_0_0_0_
-1.0,162,46.012676,0,2.103942,2.437203,149_3_2_1_1_3_2_1_0_0_0_0_0_0_
-1.0,109,47.355944,0,1.254554,2.165128,100_2_2_2_1_0_1_1_0_0_0_0_0_0_
-1.0,131,48.954594,0,18.821508,2.473035,121_2_1_1_0_1_2_3_0_0_0_0_0_0_
-1.0,124,50.473032,0,2.711501,2.580841,114_2_2_1_1_2_1_1_0_0_0_0_0_0_
-1.0,119,51.911088,0,24.637112,2.486513,110_1_1_1_2_1_1_2_0_0_0_0_0_0_
-1.0,201,56.298909,0,26.386265,2.415347,185_1_2_1_2_5_5_0_0_0_0_0_0_0_
-1.0,114,57.680589,0,26.528042,2.731042,105_0_2_2_0_3_0_2_0_0_0_0_0_0_
-1.0,126,59.27162,0,15.606226,2.602005,116_1_3_0_2_1_1_2_0_0_0_0_0_0_
-1.0,155,61.222507,0,12.359124,2.608244,143_1_2_3_1_2_3_0_0_0_0_0_0_0_
-1.0,99,62.594285,0,29.923807,2.820587,91_1_1_2_0_1_0_3_0_0_0_0_0_0_
-1.0,114,64.072464,0,23.419748,2.74567,105_1_1_1_1_2_1_2_0_0_0_0_0_0_
-1.0,141,65.915255,0,10.651752,2.707985,130_1_2_0_4_2_1_1_0_0_0_0_0_0_
0.0,671,73.772004,0,48.586861,0.004023,664_0_4_0_0_0_3_0_0_0_0_0_0_0_
0.0,671,81.203184,0,48.586861,0.004023,664_0_4_0_0_0_3_0_0_0_0_0_0_0_
0.0,671,88.444607,0,48.586861,0.004023,664_0_4_0_0_0_3_0_0_0_0_0_0_0_
0.0,671,95.786566,0,48.586861,0.004023,664_0_4_0_0_0_3_0_0_0_0_0_0_0_
0.0,671,102.987103,0,48.586861,0.004023,664_0_4_0_0_0_3_0_0_0_0_0_0_0_
0.0,671,110.194151,0,48.586861,0.004023,664_0_4_0_0_0_3_0_0_0_0_0_0_0_
0.0,671,117.44217,0,48.586861,0.004023,664_0_4_0_0_0_3_0_0_0_0_0_0_0_
0.0,671,124.658258,0,48.586861,0.004023,664_0_4_0_0_0_3_0_0_0_0_0_0_0_
0.0,671,131.964568,0,48.586861,0.004023,664_0_4_0_0_0_3_0_0_0_0_0_0_0_
0.0,671,139.280932,0,48.586861,0.004023,664_0_4_0_0_0_3_0_0_0_0_0_0_0_
-1.0,128,140.879546,0,32.741718,2.670716,118_0_2_1_3_1_0_3_0_0_0_0_0_0_
-1.0,167,142.943678,0,18.873871,2.429813,154_1_2_1_3_1_2_3_0_0_0_0_0_0_
-1.0,125,144.465199,0,36.75452,2.172622,115_2_2_2_1_0_2_1_0_0_0_0_0_0_
-1.0,148,146.317462,0,0.040238,2.226076,136_2_1_4_1_1_3_0_0_0_0_0_0_0_
-1.0,137,148.117749,0,1.21089,2.121762,126_2_2_1_2_0_3_1_0_0_0_0_0_0_
-1.0,141,149.826769,0,25.886404,2.25803,130_1_1_0_3_1_3_2_0_0_0_0_0_0_
-1.0,109,151.155069,0,25.289803,1.980093,100_3_2_1_1_0_2_0_0_0_0_0_0_0_
-1.0,136,152.808426,0,32.706314,2.306763,125_1_4_2_1_2_1_0_0_0_0_0_0_0_
-1.0,178,156.898534,0,15.13493,2.854059,164_0_3_3_3_2_3_0_0_0_0_0_0_0_
-1.0,123,158.389271,0,3.712487,2.221395,113_2_2_2_0_1_1_2_0_0_0_0_0_0_
-1.0,197,160.794897,0,0.913263,1.651546,181_2_3_4_3_1_2_1_0_0_0_0_0_0_
-1.0,160,162.721848,0,2.141887,2.25461,147_3_3_0_2_1_3_1_0_0_0_0_0_0_
-1.0,158,164.735258,0,28.261017,1.990889,145_2_2_2_4_2_1_0_0_0_0_0_0_0_
-1.0,121,166.20911,0,33.454052,1.967004,111_2_3_1_1_1_2_0_0_0_0_0_0_0_
-1.0,138,167.903762,0,9.736407,2.895192,127_1_1_4_2_0_3_0_0_0_0_0_0_0_
-1.0,138,169.601143,0,8.020127,2.370717,127_1_3_1_2_1_2_1_0_0_0_0_0_0_
-1.0,127,171.30437,0,23.64723,2.289871,117_1_1_0_1_2_4_1_0_0_0_0_0_0_
-1.0,102,172.527297,0,15.724145,2.738694,94_1_2_0_1_1_1_2_0_0_0_0_0_0_
-1.0,172,174.609005,0,35.291775,2.322873,158_1_3_3_4_2_1_0_0_0_0_0_0_0_
-1.0,116,176.020087,0,31.594223,2.077489,107_0_2_1_0_1_3_2_0_0_0_0_0_0_
-1.0,112,177.416178,0,11.605901,2.467724,103_2_1_1_2_0_2_1_0_0_0_0_0_0_
-1.0,138,179.195549,0,7.981536,2.569836,127_2_0_2_2_2_2_1_0_0_0_0_0_0_
-1.0,161,183.031262,0,24.255566,2.115636,148_2_2_3_4_1_1_0_0_0_0_0_0_0_
-1.0,188,185.295203,0,0.884846,2.476347,173_2_3_3_2_2_2_1_0_0_0_0_0_0_
-1.0,113,186.692003,0,19.870615,2.79043,104_1_1_2_0_1_2_2_0_0_0_0_0_0_
-1.0,161,188.737394,0,24.709848,1.254617,148_3_4_2_1_1_1_1_0_0_0_0_0_0_
-1.0,154,190.594774,0,26.211855,2.439589,142_1_0_2_3_1_4_1_0_0_0_0_0_0_
-1.0,152,192.422119,0,23.573395,2.42894,140_1_1_0_3_3_3_1_0_0_0_0_0_0_
-1.0,149,194.211833,0,35.676384,2.210205,137_2_1_2_2_3_1_1_0_0_0_0_0_0_
-1.0,152,196.216274,0,1.058849,2.429043,140_2_1_2_3_0_3_1_0_0_0_0_0_0_
-1.0,203,198.71277,0,3.636964,1.750812,187_1_4_1_5_0_3_2_0_0_0_0_0_0_
-1.0,139,200.414483,0,1.596215,2.511537,128_2_1_2_1_2_2_1_0_0_0_0_0_0_
-1.0,164,202.43581,0,19.832819,2.673731,151_0_3_1_4_1_2_2_0_0_0_0_0_0_
-1.0,168,204.570829,0,18.420303,2.522029,155_1_1_3_1_2_4_1_0_0_0_0_0_0_
-1.0,151,206.618409,0,20.105959,2.673679,139_0_3_0_4_0_4_1_0_0_0_0_0_0_
-1.0,151,208.350492,0,20.105959,2.673679,139_0_3_0_4_0_4_1_0_0_0_0_0_0_
-1.0,151,210.125977,0,20.105959,2.673679,139_0_3_0_4_0_4_1_0_0_0_0_0_0_
-1.0,151,211.797852,0,20.105959,2.673679,139_0_3_0_4_0_4_1_0_0_0_0_0_0_
-1.0,151,213.523499,0,20.105959,2.673679,139_0_3_0_4_0_4_1_0_0_0_0_0_0_
-1.0,151,215.20485,0,20.105959,2.673679,139_0_3_0_4_0_4_1_0_0_0_0_0_0_
-1.0,151,217.004611,0,20.105959,2.673679,139_0_3_0_4_0_4_1_0_0_0_0_0_0_
-1.0,151,218.722807,0,20.105959,2.673679,139_0_3_0_4_0_4_1_0_0_0_0_0_0_
-1.0,151,220.443451,0,20.105959,2.673679,139_0_3_0_4_0_4_1_0_0_0_0_0_0_
-1.0,151,222.176754,0,20.105959,2.673679,139_0_3_0_4_0_4_1_0_0_0_0_0_0_
-1.0,124,223.793456,0,27.402113,2.187654,114_3_0_3_2_1_0_1_0_0_0_0_0_0_
-1.0,129,227.317318,0,21.570641,2.592159,119_1_0_2_1_2_4_0_0_0_0_0_0_0_
-1.0,129,228.907507,0,17.649183,2.477504,119_2_1_0_1_1_3_2_0_0_0_0_0_0_
-1.0,152,230.802873,0,1.214214,2.439684,140_2_1_3_1_1_3_1_0_0_0_0_0_0_
-1.0,174,233.001785,0,4.029763,2.282441,160_2_1_4_3_1_3_0_0_0_0_0_0_0_
-1.0,192,235.316438,0,17.894144,2.793387,177_0_2_3_5_2_3_0_0_0_0_0_0_0_
-1.0,129,236.918171,0,17.313694,2.799689,119_1_1_2_3_0_2_1_0_0_0_0_0_0_
-1.0,198,239.315796,0,3.354062,1.685577,182_2_4_2_3_1_2_2_0_0_0_0_0_0_
-1.0,112,240.790864,0,25.279394,3.018407,103_0_2_3_1_1_0_2_0_0_0_0_0_0_
-1.0,168,242.88645,0,19.488199,2.530823,155_1_1_3_3_1_2_2_0_0_0_0_0_0_
-1.0,141,244.640608,0,5.5358,2.764189,130_2_0_1_3_2_3_0_0_0_0_0_0_0_
-1.0,150,246.510237,0,24.778036,2.58348,138_1_1_3_2_1_2_2_0_0_0_0_0_0_
-1.0,164,248.638219,0,29.421555,1.388071,152_2_3_3_2_0_2_0_0_0_0_0_0_0_
-1.0,168,250.682908,0,16.894371,2.666541,155_1_1_3_2_1_3_2_0_0_0_0_0_0_
-1.0,189,254.823667,0,15.015209,2.586065,174_0_3_2_4_2_3_1_0_0_0_0_0_0_
-1.0,214,257.543859,0,2.478643,1.393692,197_1_4_4_4_1_2_1_0_0_0_0_0_0_
-1.0,152,259.451062,0,10.154578,2.935781,140_0_3_2_3_2_2_0_0_0_0_0_0_0_
-1.0,160,261.419056,0,3.273849,2.683628,147_1_2_2_4_2_2_0_0_0_0_0_0_0_
-1.0,191,263.774956,0,18.349188,2.706645,176_1_1_2_5_2_3_1_0_0_0_0_0_0_
-1.0,273,267.171413,0,1.623384,1.290071,251_0_4_8_6_0_2_2_0_0_0_0_0_0_
-1.0,189,269.470295,0,6.613428,2.321065,174_1_2_3_3_3_1_2_0_0_0_0_0_0_
-1.0,175,271.680504,0,6.721407,2.068894,161_1_2_4_4_0_2_1_0_0_0_0_0_0_
-1.0,181,274.046469,0,17.575994,1.279404,166_2_4_4_4_0_1_0_0_0_0_0_0_0_
-1.0,158,276.042958,0,17.833527,1.850829,145_2_2_2_5_2_0_0_0_0_0_0_0_0_
-1.0,177,278.231773,0,22.741037,2.904275,163_0_2_4_5_0_2_1_0_0_0_0_0_0_
-1.0,136,279.963561,0,17.01284,2.504944,125_1_2_3_2_0_1_2_0_0_0_0_0_0_
-1.0,143,283.654959,0,22.286772,2.324732,132_1_1_1_2_1_4_1_0_0_0_0_0_0_
-1.0,174,285.797568,0,30.640501,1.849385,160_2_1_3_6_0_2_0_0_0_0_0_0_0_
-1.0,217,288.473886,0,7.09954,2.435761,200_1_1_4_7_2_2_0_0_0_0_0_0_0_
-1.0,102,289.728207,0,8.145621,2.878009,94_2_1_1_1_1_1_1_0_0_0_0_0_0_
0.0,671,297.730517,0,46.335831,0.007095,648_0_0_10_11_0_2_0_0_0_0_0_0_0_
0.0,671,304.996258,0,46.335831,0.007095,648_0_0_10_11_0_2_0_0_0_0_0_0_0_
0.0,671,312.376692,0,46.335831,0.007095,648_0_0_10_11_0_2_0_0_0_0_0_0_0_
0.0,671,319.646343,0,46.335831,0.007095,648_0_0_10_11_0_2_0_0_0_0_0_0_0_
0.0,671,326.99032,0,46.335831,0.007095,648_0_0_10_11_0_2_0_0_0_0_0_0_0_
0.0,671,334.406622,0,46.335831,0.007095,648_0_0_10_11_0_2_0_0_0_0_0_0_0_
0.0,671,342.029162,0,46.335831,0.007095,648_0_0_10_11_0_2_0_0_0_0_0_0_0_
0.0,671,349.481301,0,46.335831,0.007095,648_0_0_10_11_0_2_0_0_0_0_0_0_0_
0.0,671,357.084419,0,46.335831,0.007095,648_0_0_10_11_0_2_0_0_0_0_0_0_0_
0.0,671,364.420842,0,46.335831,0.007095,648_0_0_10_11_0_2_0_0_0_0_0_0_0_
-1.0,174,366.561028,0,6.7512,2.104248,160_1_3_4_2_1_2_1_0_0_0_0_0_0_
-1.0,200,369.123643,0,21.630108,2.585985,184_0_2_4_3_3_4_0_0_0_0_0_0_0_
-1.0,177,371.266006,0,30.749636,2.443819,163_0_1_2_4_3_3_1_0_0_0_0_0_0_
-1.0,194,373.635135,0,30.104933,2.240612,179_0_2_2_4_1_4_2_0_0_0_0_0_0_
-1.0,130,375.219424,0,6.440673,2.210448,120_0_0_3_2_0_4_1_0_0_0_0_0_0_
-1.0,178,377.469412,0,24.318104,2.772474,164_0_2_2_4_2_4_0_0_0_0_0_0_0_
-1.0,215,380.083811,0,6.705333,2.012916,198_1_2_4_5_1_3_1_0_0_0_0_0_0_
-1.0,183,384.138814,0,3.780499,1.563059,168_2_3_4_3_0_2_1_0_0_0_0_0_0_
-1.0,211,386.789751,0,26.648701,2.462158,194_0_1_5_7_1_2_1_0_0_0_0_0_0_
-1.0,191,389.109939,0,18.351362,2.584885,176_1_1_2_4_3_3_1_0_0_0_0_0_0_
-1.0,232,391.912313,0,14.82143,2.684795,214_0_3_2_6_4_1_2_0_0_0_0_0_0_
-1.0,165,394.044523,0,19.941435,2.506538,152_0_3_3_2_1_3_1_0_0_0_0_0_0_
-1.0,190,396.367165,0,12.173702,2.363825,175_0_3_3_4_0_3_2_0_0_0_0_0_0_
-1.0,167,398.381444,0,24.469406,2.673111,154_1_1_1_5_1_2_2_0_0_0_0_0_0_
-1.0,224,401.179946,0,14.939863,2.213966,206_0_2_7_6_0_2_1_0_0_0_0_0_0_
-1.0,237,404.086196,0,5.307591,1.385421,218_1_4_4_5_2_3_0_0_0_0_0_0_0_
-1.0,213,406.68586,0,2.745418,1.925761,196_1_3_4_4_2_3_0_0_0_0_0_0_0_
-1.0,166,410.749016,0,0.793693,1.971951,153_2_1_3_3_0_2_2_0_0_0_0_0_0_
-1.0,214,413.319814,0,10.076289,2.219252,197_0_2_6_5_1_2_1_0_0_0_0_0_0_
-1.0,253,416.427586,0,20.595951,2.695722,233_0_1_5_7_4_2_1_0_0_0_0_0_0_
-1.0,224,419.21728,0,17.730427,2.44725,206_0_2_5_7_1_2_1_0_0_0_0_0_0_
-1.0,168,421.280721,0,25.685663,1.752389,154_2_3_3_4_1_1_0_0_0_0_0_0_0_
-1.0,190,423.603979,0,18.923405,2.786574,175_0_2_3_4_3_2_1_0_0_0_0_0_0_
-1.0,193,426.037832,0,25.871555,1.533285,177_1_4_3_7_0_1_0_0_0_0_0_0_0_
-1.0,200,428.468224,0,14.119534,2.689706,184_0_2_4_5_3_2_0_0_0_0_0_0_0_
0.0,671,437.252036,0,46.335831,0.007095,648_0_0_10_11_0_2_0_0_0_0_0_0_0_
0.0,671,444.775069,0,46.335831,0.007095,648_0_0_10_11_0_2_0_0_0_0_0_0_0_
0.0,671,452.196009,0,46.335831,0.007095,648_0_0_10_11_0_2_0_0_0_0_0_0_0_
0.0,671,459.593527,0,46.335831,0.007095,648_0_0_10_11_0_2_0_0_0_0_0_0_0_
0.0,671,466.879959,0,46.335831,0.007095,648_0_0_10_11_0_2_0_0_0_0_0_0_0_
0.0,671,474.332736,0,46.335831,0.007095,648_0_0_10_11_0_2_0_0_0_0_0_0_0_
0.0,671,481.673553,0,46.335831,0.007095,648_0_0_10_11_0_2_0_0_0_0_0_0_0_
0.0,671,489.06107,0,46.335831,0.007095,648_0_0_10_11_0_2_0_0_0_0_0_0_0_
0.0,671,496.388992,0,46.335831,0.007095,648_0_0_10_11_0_2_0_0_0_0_0_0_0_
0.0,671,503.839157,0,46.335831,0.007095,648_0_0_10_11_0_2_0_0_0_0_0_0_0_
-1.0,231,506.724786,0,32.873276,1.965936,213_0_1_3_6_2_4_2_0_0_0_0_0_0_
-1.0,181,508.941991,0,27.711599,2.445861,167_0_2_4_3_1_3_1_0_0_0_0_0_0_
-1.0,234,513.763533,0,1.090647,1.992897,215_0_3_5_8_2_1_0_0_0_0_0_0_0_
-1.0,284,517.241107,0,11.413416,1.98322,261_0_2_7_9_3_2_0_0_0_0_0_0_0_
-1.0,241,520.304357,0,23.012428,2.559003,222_0_1_4_7_3_3_1_0_0_0_0_0_0_
-1.0,217,522.962798,0,14.926961,2.207654,200_0_3_3_6_1_3_1_0_0_0_0_0_0_
-1.0,263,526.151367,0,17.636871,2.118765,242_0_2_5_7_3_3_1_0_0_0_0_0_0_
-1.0,248,529.25677,0,1.070905,1.760502,228_0_3_7_7_2_1_0_0_0_0_0_0_0_
-1.0,197,531.676099,0,31.252972,1.853759,181_1_2_5_6_1_1_0_0_0_0_0_0_0_
-1.0,246,534.691237,0,34.581413,2.121663,226_0_2_7_9_2_0_0_0_0_0_0_0_0_
-1.0,207,539.176272,0,25.328575,2.430064,191_0_2_1_6_4_1_2_0_0_0_0_0_0_
-1.0,275,542.532715,0,14.182533,2.455226,253_0_1_6_10_3_2_0_0_0_0_0_0_0_
-1.0,242,545.619184,0,33.926739,1.538831,222_1_2_7_8_1_1_0_0_0_0_0_0_0_
-1.0,294,549.215379,0,6.539628,1.880129,270_0_1_9_11_2_1_0_0_0_0_0_0_0_
-1.0,277,552.812791,0,17.942007,2.448889,255_0_1_6_8_4_2_1_0_0_0_0_0_0_
-1.0,286,556.345421,0,19.529114,2.583698,263_0_0_7_10_4_2_0_0_0_0_0_0_0_
-1.0,249,559.390851,0,8.528172,2.207726,229_1_1_6_8_2_2_0_0_0_0_0_0_0_
-1.0,235,562.474058,0,7.261087,2.09727,216_0_3_4_8_1_2_1_0_0_0_0_0_0_
-1.0,189,566.782728,0,24.26004,2.801194,174_0_1_4_5_3_1_1_0_0_0_0_0_0_
-1.0,259,570.040605,0,6.558217,2.098918,238_0_1_8_9_2_1_0_0_0_0_0_0_0_
0.0,671,579.234406,0,46.335831,0.007095,648_0_0_10_11_0_2_0_0_0_0_0_0_0_
0.0,671,586.710905,0,46.335831,0.007095,648_0_0_10_11_0_2_0_0_0_0_0_0_0_
0.0,671,594.127932,0,46.335831,0.007095,648_0_0_10_11_0_2_0_0_0_0_0_0_0_
0.0,671,601.658685,0,46.335831,0.007095,648_0_0_10_11_0_2_0_0_0_0_0_0_0_
0.0,671,609.194196,0,46.335831,0.007095,648_0_0_10_11_0_2_0_0_0_0_0_0_0_
0.0,671,616.724721,0,46.335831,0.007095,648_0_0_10_11_0_2_0_0_0_0_0_0_0_
0.0,671,624.15565,0,46.335831,0.007095,648_0_0_10_11_0_2_0_0_0_0_0_0_0_
0.0,671,631.707789,0,46.335831,0.007095,648_0_0_10_11_0_2_0_0_0_0_0_0_0_
0.0,671,639.173911,0,46.335831,0.007095,648_0_0_10_11_0_2_0_0_0_0_0_0_0_
0.0,671,646.791716,0,46.335831,0.007095,648_0_0_10_11_0_2_0_0_0_0_0_0_0_
-1.0,305,650.603057,0,9.282116,2.019248,280_0_0_10_11_3_1_0_0_0_0_0_0_0_
-1.0,261,653.758642,0,14.193938,2.226279,240_0_1_7_9_2_2_0_0_0_0_0_0_0_
-1.0,300,657.479148,0,15.491173,2.231768,276_0_0_9_11_1_2_1_0_0_0_0_0_0_
-1.0,307,661.186507,0,7.97419,2.000977,282_0_0_11_12_1_1_0_0_0_0_0_0_0_
-1.0,294,664.818996,0,6.530934,1.997293,270_0_1_8_11_3_1_0_0_0_0_0_0_0_
-1.0,309,670.309163,0,9.281682,2.095503,284_0_0_10_12_2_1_0_0_0_0_0_0_0_
-1.0,282,673.7807,0,11.580808,2.10492,259_0_1_8_9_3_2_0_0_0_0_0_0_0_
-1.0,297,677.334656,0,9.294356,2.113211,273_0_0_10_11_2_1_0_0_0_0_0_0_0_
-1.0,259,680.4981,0,0.910485,2.103341,238_1_0_7_9_3_1_0_0_0_0_0_0_0_
-1.0,244,683.430507,0,0.894434,1.978399,224_1_0_8_8_2_1_0_0_0_0_0_0_0_
-1.0,264,686.664781,0,14.185245,2.457037,243_0_1_6_9_3_2_0_0_0_0_0_0_0_
-1.0,310,690.380342,0,20.398531,2.461838,286_0_0_8_9_3_2_2_0_0_0_0_0_0_
-1.0,310,695.963376,0,9.281682,2.000977,285_0_0_10_12_2_1_0_0_0_0_0_0_0_
-1.0,267,699.179631,0,16.973398,2.576564,246_0_0_8_9_2_2_0_0_0_0_0_0_0_
-1.0,294,702.852473,0,9.284393,2.113032,270_0_0_10_11_2_1_0_0_0_0_0_0_0_
-1.0,291,706.355276,0,11.892122,2.345541,268_0_0_9_10_3_1_0_0_0_0_0_0_0_
-1.0,298,709.982566,0,9.294356,2.121461,274_0_0_10_11_2_1_0_0_0_0_0_0_0_
0.0,671,718.397216,0,257.579712,2.000977,651_0_0_10_10_0_0_0_0_0_0_0_0_0_
0.0,671,725.643423,0,257.579712,2.000977,651_0_0_10_10_0_0_0_0_0_0_0_0_0_
0.0,671,732.781354,0,257.579712,2.000977,651_0_0_10_10_0_0_0_0_0_0_0_0_0_
0.0,671,739.901042,0,257.579712,2.000977,651_0_0_10_10_0_0_0_0_0_0_0_0_0_
0.0,671,747.151099,0,257.579712,2.000977,651_0_0_10_10_0_0_0_0_0_0_0_0_0_
0.0,671,754.308468,0,257.579712,2.000977,651_0_0_10_10_0_0_0_0_0_0_0_0_0_
0.0,671,761.491556,0,257.579712,2.000977,651_0_0_10_10_0_0_0_0_0_0_0_0_0_
0.0,671,768.52223,0,257.579712,2.000977,651_0_0_10_10_0_0_0_0_0_0_0_0_0_
0.0,671,775.461221,0,257.579712,2.000977,651_0_0_10_10_0_0_0_0_0_0_0_0_0_
0.0,671,782.601363,0,257.579712,2.000977,651_0_0_10_10_0_0_0_0_0_0_0_0_0_
-1.0,325,786.544638,0,9.281682,2.000977,300_0_0_10_12_2_1_0_0_0_0_0_0_0_
-1.0,314,790.397875,0,6.686628,1.884679,289_0_0_11_12_1_1_0_0_0_0_0_0_0_
-1.0,320,796.040653,0,11.433142,1.884679,294_0_0_11_11_1_2_1_0_0_0_0_0_0_
-1.0,331,800.041881,0,9.281682,1.991353,306_0_0_10_12_2_1_0_0_0_0_0_0_0_
-1.0,336,804.057563,0,9.281682,2.114751,311_0_0_10_12_2_1_0_0_0_0_0_0_0_
-1.0,339,808.18519,0,15.625789,2.345542,316_0_0_9_11_1_2_0_0_0_0_0_0_0_
-1.0,313,811.943625,0,9.281682,2.10837,288_0_0_10_12_2_1_0_0_0_0_0_0_0_
-1.0,289,815.469703,0,7.829535,2.232068,266_0_1_9_10_2_1_0_0_0_0_0_0_0_
-1.0,400,840.659714,0,11.879448,2.346947,376_0_0_9_11_3_1_0_0_0_0_0_0_0_
-1.0,456,846.141759,0,5.379136,1.884679,431_0_0_12_12_0_1_0_0_0_0_0_0_0_
-1.0,370,850.528185,0,10.569244,2.234291,345_0_0_10_12_2_1_0_0_0_0_0_0_0_
-1.0,310,854.362993,0,6.686628,1.884679,285_0_0_11_12_1_1_0_0_0_0_0_0_0_
-1.0,458,859.761052,0,10.569244,2.234291,433_0_0_10_12_2_1_0_0_0_0_0_0_0_
-1.0,360,866.01285,0,7.97419,2.000977,335_0_0_11_12_1_1_0_0_0_0_0_0_0_
0.0,671,874.097799,0,257.579712,2.000977,651_0_0_10_10_0_0_0_0_0_0_0_0_0_
0.0,671,880.96226,0,257.579712,2.000977,651_0_0_10_10_0_0_0_0_0_0_0_0_0_
0.0,671,887.985464,0,257.579712,2.000977,651_0_0_10_10_0_0_0_0_0_0_0_0_0_
0.0,671,895.004291,0,257.579712,2.000977,651_0_0_10_10_0_0_0_0_0_0_0_0_0_
0.0,671,902.159397,0,257.579712,2.000977,651_0_0_10_10_0_0_0_0_0_0_0_0_0_
0.0,671,909.436193,0,257.579712,2.000977,651_0_0_10_10_0_0_0_0_0_0_0_0_0_
0.0,671,916.626845,0,257.579712,2.000977,651_0_0_10_10_0_0_0_0_0_0_0_0_0_
0.0,671,923.932863,0,257.579712,2.000977,651_0_0_10_10_0_0_0_0_0_0_0_0_0_
0.0,671,931.145823,0,257.579712,2.000977,651_0_0_10_10_0_0_0_0_0_0_0_0_0_
0.0,671,938.368145,0,257.579712,2.000977,651_0_0_10_10_0_0_0_0_0_0_0_0_0_
0.0,671,964.599622,0,50.290382,2.46184,646_0_0_8_12_4_1_0_0_0_0_0_0_0_
-1.0,255,967.715087,0,17.826344,2.460977,236_0_1_6_8_0_3_1_0_0_0_0_0_0_
-1.0,310,971.528214,0,11.599376,2.336092,289_0_1_7_10_1_2_0_0_0_0_0_0_0_
-1.0,275,974.841453,0,34.566029,2.037186,253_0_2_7_11_2_0_0_0_0_0_0_0_0_
-1.0,424,981.76428,0,18.354406,2.679764,399_0_0_7_12_5_1_0_0_0_0_0_0_0_
0.0,671,989.646001,0,67.930817,2.529412,651_0_0_4_10_4_1_1_0_0_0_0_0_0_
0.0,671,997.355517,0,36.862209,2.566113,649_1_0_6_11_4_0_0_0_0_0_0_0_0_
-1.0,354,1001.414435,0,17.066845,2.70092,329_0_0_7_12_5_1_0_0_0_0_0_0_0_
0.0,671,1022.789039,0,39.3237,2.339898,651_1_0_6_10_2_1_0_0_0_0_0_0_0_
0.0,671,1030.692411,0,52.594547,2.455675,650_0_1_6_10_2_2_0_0_0_0_0_0_0_
0.0,671,1038.267426,0,331.821747,2.114751,653_0_0_9_9_0_0_0_0_0_0_0_0_0_
0.0,671,1045.546223,0,331.821747,2.114751,653_0_0_9_9_0_0_0_0_0_0_0_0_0_
0.0,671,1052.843299,0,331.821747,2.114751,653_0_0_9_9_0_0_0_0_0_0_0_0_0_
0.0,671,1059.908863,0,331.821747,2.114751,653_0_0_9_9_0_0_0_0_0_0_0_0_0_
0.0,671,1066.915668,0,331.821747,2.114751,653_0_0_9_9_0_0_0_0_0_0_0_0_0_
0.0,671,1074.033048,0,331.821747,2.114751,653_0_0_9_9_0_0_0_0_0_0_0_0_0_
0.0,671,1081.103558,0,331.821747,2.114751,653_0_0_9_9_0_0_0_0_0_0_0_0_0_
0.0,671,1088.326377,0,331.821747,2.114751,653_0_0_9_9_0_0_0_0_0_0_0_0_0_
0.0,671,1095.563826,0,331.821747,2.114751,653_0_0_9_9_0_0_0_0_0_0_0_0_0_
0.0,671,1102.812153,0,331.821747,2.114751,653_0_0_9_9_0_0_0_0_0_0_0_0_0_
0.0,671,1110.715956,0,50.293095,2.454355,648_0_0_8_11_3_1_0_0_0_0_0_0_0_
-1.0,523,1140.976398,0,20.815897,2.689388,500_0_0_7_11_3_2_0_0_0_0_0_0_0_
0.0,671,1148.689186,0,47.274174,2.340691,653_0_2_4_9_1_2_0_0_0_0_0_0_0_
-1.0,290,1152.239869,0,20.696667,2.456072,268_0_0_7_9_3_2_1_0_0_0_0_0_0_
-1.0,344,1156.343885,0,10.143736,1.877496,321_0_1_9_10_0_2_1_0_0_0_0_0_0_
0.0,671,1165.836144,0,44.958332,2.224583,650_0_1_8_9_2_1_0_0_0_0_0_0_0_
-1.0,499,1171.719462,0,4.242117,0.000269,483_1_2_2_6_2_2_1_0_0_0_0_0_0_
-1.0,223,1174.313875,0,31.394739,1.869586,205_1_1_6_9_0_1_0_0_0_0_0_0_0_
0.0,671,1181.787825,0,39.161572,2.451665,653_1_1_4_8_3_1_0_0_0_0_0_0_0_
0.0,671,1193.613673,0,554.547852,2.456073,659_0_0_6_6_0_0_0_0_0_0_0_0_0_
0.0,671,1200.542233,0,554.547852,2.456073,659_0_0_6_6_0_0_0_0_0_0_0_0_0_
0.0,671,1207.725429,0,554.547852,2.456073,659_0_0_6_6_0_0_0_0_0_0_0_0_0_
0.0,671,1214.747527,0,554.547852,2.456073,659_0_0_6_6_0_0_0_0_0_0_0_0_0_
0.0,671,1221.778372,0,554.547852,2.456073,659_0_0_6_6_0_0_0_0_0_0_0_0_0_
0.0,671,1228.797523,0,554.547852,2.456073,659_0_0_6_6_0_0_0_0_0_0_0_0_0_
0.0,671,1235.926775,0,554.547852,2.456073,659_0_0_6_6_0_0_0_0_0_0_0_0_0_
0.0,671,1242.794245,0,554.547852,2.456073,659_0_0_6_6_0_0_0_0_0_0_0_0_0_
0.0,671,1249.586316,0,554.547852,2.456073,659_0_0_6_6_0_0_0_0_0_0_0_0_0_
0.0,671,1256.418092,0,554.547852,2.456073,659_0_0_6_6_0_0_0_0_0_0_0_0_0_
-1.0,602,1265.57095,0,20.323503,0.008,584_0_2_3_7_2_3_1_0_0_0_0_0_0_
-1.0,237,1268.450339,0,1.127776,2.179325,224_2_1_2_4_0_3_1_0_0_0_0_0_0_
0.0,671,1276.367333,0,37.809586,0.006227,654_1_1_5_7_1_2_0_0_0_0_0_0_0_
-1.0,217,1279.113976,0,23.450994,1.68234,200_1_3_5_6_2_0_0_0_0_0_0_0_0_
-1.0,239,1282.038556,0,33.81179,2.083553,221_1_2_4_8_2_1_0_0_0_0_0_0_0_
-1.0,625,1291.04666,0,6.125702,2.324809,605_1_0_6_8_4_1_0_0_0_0_0_0_0_
-1.0,229,1293.861127,0,12.243108,1.27684,212_3_0_7_6_1_0_0_0_0_0_0_0_0_
0.0,671,1301.393124,0,35.033394,0.007262,653_1_2_6_5_2_2_0_0_0_0_0_0_0_
0.0,671,1318.483757,0,52.623463,2.561141,653_0_1_5_8_2_2_0_0_0_0_0_0_0_
0.0,671,1326.208144,0,42.217628,2.087533,651_0_2_5_10_2_1_0_0_0_0_0_0_0_
0.0,671,1335.225695,0,703.03186,2.684117,663_0_0_4_4_0_0_0_0_0_0_0_0_0_
0.0,671,1342.338772,0,703.03186,2.684117,663_0_0_4_4_0_0_0_0_0_0_0_0_0_
0.0,671,1349.327716,0,703.03186,2.684117,663_0_0_4_4_0_0_0_0_0_0_0_0_0_
0.0,671,1356.24339,0,703.03186,2.684117,663_0_0_4_4_0_0_0_0_0_0_0_0_0_
0.0,671,1363.067937,0,703.03186,2.684117,663_0_0_4_4_0_0_0_0_0_0_0_0_0_
0.0,671,1369.891051,0,703.03186,2.684117,663_0_0_4_4_0_0_0_0_0_0_0_0_0_
0.0,671,1376.700027,0,703.03186,2.684117,663_0_0_4_4_0_0_0_0_0_0_0_0_0_
0.0,671,1383.739541,0,703.03186,2.684117,663_0_0_4_4_0_0_0_0_0_0_0_0_0_
0.0,671,1390.799946,0,703.03186,2.684117,663_0_0_4_4_0_0_0_0_0_0_0_0_0_
0.0,671,1397.818473,0,703.03186,2.684117,663_0_0_4_4_0_0_0_0_0_0_0_0_0_
0.0,671,1405.520831,0,44.971863,2.335684,651_0_1_7_9_2_1_0_0_0_0_0_0_0_
-1.0,222,1408.256832,0,27.398951,1.866267,204_1_2_5_8_1_1_0_0_0_0_0_0_0_
0.0,671,1417.621591,0,47.279396,2.207903,653_0_2_5_8_1_2_0_0_0_0_0_0_0_
0.0,671,1425.032735,0,41.872665,2.79204,655_1_1_2_7_4_1_0_0_0_0_0_0_0_
0.0,671,1432.597886,0,47.554245,2.573454,650_0_1_6_10_3_1_0_0_0_0_0_0_0_
0.0,671,1442.066139,0,50.293095,2.463554,648_0_0_8_11_3_1_0_0_0_0_0_0_0_
0.0,671,1449.944288,0,50.145729,2.46214,649_0_1_6_10_4_1_0_0_0_0_0_0_0_
0.0,671,1457.841815,0,47.273682,2.43145,653_0_2_5_8_1_2_0_0_0_0_0_0_0_
0.0,671,1466.018371,0,703.03186,2.684117,663_0_0_4_4_0_0_0_0_0_0_0_0_0_
0.0,671,1473.11044,0,703.03186,2.684117,663_0_0_4_4_0_0_0_0_0_0_0_0_0_
0.0,671,1480.150925,0,703.03186,2.684117,663_0_0_4_4_0_0_0_0_0_0_0_0_0_
0.0,671,1487.090843,0,703.03186,2.684117,663_0_0_4_4_0_0_0_0_0_0_0_0_0_
0.0,671,1493.948606,0,703.03186,2.684117,663_0_0_4_4_0_0_0_0_0_0_0_0_0_
0.0,671,1501.08478,0,703.03186,2.684117,663_0_0_4_4_0_0_0_0_0_0_0_0_0_
0.0,671,1508.217429,0,703.03186,2.684117,663_0_0_4_4_0_0_0_0_0_0_0_0_0_
0.0,671,1515.326349,0,703.03186,2.684117,663_0_0_4_4_0_0_0_0_0_0_0_0_0_
0.0,671,1522.439474,0,703.03186,2.684117,663_0_0_4_4_0_0_0_0_0_0_0_0_0_
0.0,671,1529.619812,0,703.03186,2.684117,663_0_0_4_4_0_0_0_0_0_0_0_0_0_
-1.0,271,1532.899421,0,7.019616,2.30909,254_1_1_3_7_2_2_1_0_0_0_0_0_0_
-1.0,207,1537.077335,0,26.798283,1.504197,191_2_2_4_6_0_2_0_0_0_0_0_0_0_
0.0,671,1544.673349,0,47.547474,2.33804,648_0_1_8_10_3_1_0_0_0_0_0_0_0_
0.0,671,1552.353183,0,46.831009,2.543879,655_1_1_2_7_3_2_0_0_0_0_0_0_0_
0.0,671,1561.790381,0,41.815262,2.448687,653_1_1_3_8_4_1_0_0_0_0_0_0_0_
-1.0,127,1563.310197,0,22.678146,2.284237,117_3_0_0_4_2_1_0_0_0_0_0_0_0_
0.0,671,1571.124002,0,50.050266,2.793561,653_0_2_2_8_5_1_0_0_0_0_0_0_0_
-1.0,570,1577.924107,0,29.923937,2.227845,549_0_0_3_9_7_2_0_0_0_0_0_0_0_
0.0,671,1587.523959,0,39.135368,2.324071,651_1_1_5_9_3_1_0_0_0_0_0_0_0_
0.0,671,1600.206913,0,406.063782,2.228525,655_0_0_8_8_0_0_0_0_0_0_0_0_0_
0.0,671,1607.234867,0,406.063782,2.228525,655_0_0_8_8_0_0_0_0_0_0_0_0_0_
0.0,671,1614.335879,0,406.063782,2.228525,655_0_0_8_8_0_0_0_0_0_0_0_0_0_
0.0,671,1621.422151,0,406.063782,2.228525,655_0_0_8_8_0_0_0_0_0_0_0_0_0_
0.0,671,1628.587645,0,406.063782,2.228525,655_0_0_8_8_0_0_0_0_0_0_0_0_0_
0.0,671,1635.800517,0,406.063782,2.228525,655_0_0_8_8_0_0_0_0_0_0_0_0_0_
0.0,671,1643.029276,0,406.063782,2.228525,655_0_0_8_8_0_0_0_0_0_0_0_0_0_
0.0,671,1650.221087,0,406.063782,2.228525,655_0_0_8_8_0_0_0_0_0_0_0_0_0_
0.0,671,1657.243764,0,406.063782,2.228525,655_0_0_8_8_0_0_0_0_0_0_0_0_0_
0.0,671,1664.466729,0,406.063782,2.228525,655_0_0_8_8_0_0_0_0_0_0_0_0_0_
0.0,671,1684.484763,0,69.087418,0.00535,656_0_1_3_4_4_2_1_0_0_0_0_0_0_
0.0,671,1692.282278,0,55.272419,3.012259,653_0_1_4_8_3_2_0_0_0_0_0_0_0_
0.0,671,1701.906185,0,52.74435,2.726954,650_0_1_4_10_5_1_0_0_0_0_0_0_0_
0.0,671,1709.746052,0,55.495876,2.911139,649_0_0_6_10_5_1_0_0_0_0_0_0_0_
0.0,671,1717.552166,0,47.553387,2.34101,650_0_1_7_9_3_1_0_0_0_0_0_0_0_
-1.0,211,1739.225533,0,30.952066,2.091931,195_2_0_3_8_2_1_0_0_0_0_0_0_0_
0.0,671,1746.941498,0,42.12402,2.467403,656_0_3_2_6_3_1_0_0_0_0_0_0_0_
0.0,671,1754.694788,0,39.330231,1.979513,652_0_4_4_7_3_1_0_0_0_0_0_0_0_
0.0,671,1762.846208,0,546.331299,2.443485,665_0_3_0_3_0_0_0_0_0_0_0_0_0_
0.0,671,1769.834957,0,546.331299,2.443485,665_0_3_0_3_0_0_0_0_0_0_0_0_0_
0.0,671,1776.709038,0,546.331299,2.443485,665_0_3_0_3_0_0_0_0_0_0_0_0_0_
0.0,671,1783.465287,0,546.331299,2.443485,665_0_3_0_3_0_0_0_0_0_0_0_0_0_
0.0,671,1790.242879,0,546.331299,2.443485,665_0_3_0_3_0_0_0_0_0_0_0_0_0_
0.0,671,1797.088814,0,546.331299,2.443485,665_0_3_0_3_0_0_0_0_0_0_0_0_0_
0.0,671,1804.137579,0,546.331299,2.443485,665_0_3_0_3_0_0_0_0_0_0_0_0_0_
0.0,671,1811.120115,0,546.331299,2.443485,665_0_3_0_3_0_0_0_0_0_0_0_0_0_
0.0,671,1818.137849,0,546.331299,2.443485,665_0_3_0_3_0_0_0_0_0_0_0_0_0_
0.0,671,1825.144874,0,546.331299,2.443485,665_0_3_0_3_0_0_0_0_0_0_0_0_0_
-1.0,254,1828.19079,0,34.101074,1.636796,234_0_4_6_8_1_1_0_0_0_0_0_0_0_
0.0,671,1837.698739,0,47.425636,2.55753,652_0_2_4_8_4_1_0_0_0_0_0_0_0_
-1.0,186,1839.86729,0,28.512091,2.065651,172_1_3_1_7_1_1_0_0_0_0_0_0_0_
0.0,671,1847.351439,0,39.622574,1.993609,651_0_2_6_10_1_1_0_0_0_0_0_0_0_
0.0,671,1854.777978,0,44.249313,2.447371,655_1_1_3_7_2_2_0_0_0_0_0_0_0_
-1.0,315,1860.534621,0,3.361308,2.44098,296_1_1_3_9_4_1_0_0_0_0_0_0_0_
0.0,671,1868.278367,0,38.920017,2.561964,658_1_2_1_6_1_2_0_0_0_0_0_0_0_
0.0,671,1876.119674,0,48.629269,0.002832,651_0_2_5_8_3_2_0_0_0_0_0_0_0_
0.0,671,1885.863449,0,49.866024,2.321918,652_0_2_4_9_2_2_0_0_0_0_0_0_0_
0.0,671,1895.727514,0,549.036682,1.97983,659_0_2_6_4_0_0_0_0_0_0_0_0_0_
0.0,671,1902.574692,0,549.036682,1.97983,659_0_2_6_4_0_0_0_0_0_0_0_0_0_
0.0,671,1909.408192,0,549.036682,1.97983,659_0_2_6_4_0_0_0_0_0_0_0_0_0_
0.0,671,1916.237297,0,549.036682,1.97983,659_0_2_6_4_0_0_0_0_0_0_0_0_0_
0.0,671,1923.361299,0,549.036682,1.97983,659_0_2_6_4_0_0_0_0_0_0_0_0_0_
0.0,671,1930.604021,0,549.036682,1.97983,659_0_2_6_4_0_0_0_0_0_0_0_0_0_
0.0,671,1937.764612,0,549.036682,1.97983,659_0_2_6_4_0_0_0_0_0_0_0_0_0_
0.0,671,1944.995009,0,549.036682,1.97983,659_0_2_6_4_0_0_0_0_0_0_0_0_0_
0.0,671,1952.168067,0,549.036682,1.97983,659_0_2_6_4_0_0_0_0_0_0_0_0_0_
0.0,671,1959.301929,0,549.036682,1.97983,659_0_2_6_4_0_0_0_0_0_0_0_0_0_
0.0,671,1984.505042,0,47.422924,2.441944,651_0_2_4_9_4_1_0_0_0_0_0_0_0_
0.0,671,1992.412026,0,43.057991,0.007618,656_1_1_2_6_3_2_0_0_0_0_0_0_0_
-1.0,453,1999.622108,0,15.518226,2.800842,434_0_1_6_8_2_2_0_0_0_0_0_0_0_
0.0,671,2007.542954,0,35.225349,0.00456,654_1_1_5_8_0_2_0_0_0_0_0_0_0_
0.0,671,2015.336525,0,44.809479,2.445316,650_0_2_5_10_3_1_0_0_0_0_0_0_0_
-1.0,204,2017.844425,0,26.805981,1.618337,188_2_1_5_6_0_2_0_0_0_0_0_0_0_
0.0,671,2041.616349,0,51.36861,0.007762,649_0_1_6_10_3_2_0_0_0_0_0_0_0_
0.0,671,2049.612497,0,48.799763,0.007218,651_0_1_6_9_2_2_0_0_0_0_0_0_0_
-1.0,304,2053.354355,0,17.967287,2.218741,284_0_1_6_7_3_2_1_0_0_0_0_0_0_
0.0,671,2060.818243,0,480.305786,2.342299,657_0_0_7_7_0_0_0_0_0_0_0_0_0_
0.0,671,2068.058239,0,480.305786,2.342299,657_0_0_7_7_0_0_0_0_0_0_0_0_0_
0.0,671,2075.289571,0,480.305786,2.342299,657_0_0_7_7_0_0_0_0_0_0_0_0_0_
0.0,671,2082.231393,0,480.305786,2.342299,657_0_0_7_7_0_0_0_0_0_0_0_0_0_
0.0,671,2089.345597,0,480.305786,2.342299,657_0_0_7_7_0_0_0_0_0_0_0_0_0_
0.0,671,2096.326785,0,480.305786,2.342299,657_0_0_7_7_0_0_0_0_0_0_0_0_0_
0.0,671,2103.619547,0,480.305786,2.342299,657_0_0_7_7_0_0_0_0_0_0_0_0_0_
0.0,671,2110.763762,0,480.305786,2.342299,657_0_0_7_7_0_0_0_0_0_0_0_0_0_
0.0,671,2117.845691,0,480.305786,2.342299,657_0_0_7_7_0_0_0_0_0_0_0_0_0_
0.0,671,2125.086548,0,480.305786,2.342299,657_0_0_7_7_0_0_0_0_0_0_0_0_0_
0.0,671,2133.087137,0,47.547474,2.345105,648_0_1_8_10_3_1_0_0_0_0_0_0_0_
0.0,671,2164.933184,0,46.178505,0.000513,649_0_1_8_10_1_2_0_0_0_0_0_0_0_
-1.0,221,2167.686709,0,34.000553,1.960253,204_1_1_6_7_1_1_0_0_0_0_0_0_0_
0.0,671,2175.511909,0,42.3741,2.116028,650_0_1_8_10_1_1_0_0_0_0_0_0_0_
0.0,671,2185.207916,0,40.684067,0.005136,651_0_3_6_8_1_2_0_0_0_0_0_0_0_
-1.0,186,2187.554911,0,24.046457,1.482949,171_2_2_4_5_0_2_0_0_0_0_0_0_0_
0.0,671,2195.40732,0,40.103893,0.007166,656_1_2_3_6_0_3_0_0_0_0_0_0_0_
0.0,671,2203.037555,0,45.165371,0.004943,654_1_3_5_5_1_1_1_0_0_0_0_0_0_
0.0,671,2226.94599,0,466.531067,1.268855,658_0_5_6_2_0_0_0_0_0_0_0_0_0_
0.0,671,2234.084411,0,466.531067,1.268855,658_0_5_6_2_0_0_0_0_0_0_0_0_0_
0.0,671,2241.247101,0,466.531067,1.268855,658_0_5_6_2_0_0_0_0_0_0_0_0_0_
0.0,671,2248.518509,0,466.531067,1.268855,658_0_5_6_2_0_0_0_0_0_0_0_0_0_
0.0,671,2255.725081,0,466.531067,1.268855,658_0_5_6_2_0_0_0_0_0_0_0_0_0_
0.0,671,2262.626156,0,466.531067,1.268855,658_0_5_6_2_0_0_0_0_0_0_0_0_0_
0.0,671,2269.607805,0,466.531067,1.268855,658_0_5_6_2_0_0_0_0_0_0_0_0_0_
0.0,671,2276.687536,0,466.531067,1.268855,658_0_5_6_2_0_0_0_0_0_0_0_0_0_
0.0,671,2283.876304,0,466.531067,1.268855,658_0_5_6_2_0_0_0_0_0_0_0_0_0_
0.0,671,2291.05053,0,466.531067,1.268855,658_0_5_6_2_0_0_0_0_0_0_0_0_0_
0.0,671,2299.006662,0,53.710545,0.002541,653_0_2_4_7_2_3_0_0_0_0_0_0_0_
-1.0,232,2301.897429,0,29.650669,1.073964,213_1_5_5_6_0_2_0_0_0_0_0_0_0_
0.0,671,2309.779754,0,35.017422,0.001518,652_1_3_6_6_1_2_0_0_0_0_0_0_0_
0.0,671,2342.109208,0,35.159199,0.001332,651_1_2_7_8_0_2_0_0_0_0_0_0_0_
0.0,671,2350.197982,0,40.541294,0.008347,652_1_0_7_8_1_2_0_0_0_0_0_0_0_
0.0,671,2358.113295,0,45.520256,0.007699,657_1_1_3_5_1_3_0_0_0_0_0_0_0_
-1.0,209,2360.711921,0,26.767839,1.488203,192_2_1_6_6_0_2_0_0_0_0_0_0_0_
-1.0,167,2362.740698,0,14.964348,1.974271,154_3_0_3_5_2_0_0_0_0_0_0_0_0_
0.0,671,2372.304179,0,36.262951,1.82712,655_1_2_4_7_0_2_0_0_0_0_0_0_0_
-1.0,206,2374.74203,0,29.578098,1.780172,191_2_1_4_6_0_2_0_0_0_0_0_0_0_
0.0,671,2383.744071,0,400.552582,1.752282,655_0_2_8_6_0_0_0_0_0_0_0_0_0_
0.0,671,2390.674214,0,400.552582,1.752282,655_0_2_8_6_0_0_0_0_0_0_0_0_0_
0.0,671,2397.634925,0,400.552582,1.752282,655_0_2_8_6_0_0_0_0_0_0_0_0_0_
0.0,671,2404.937251,0,400.552582,1.752282,655_0_2_8_6_0_0_0_0_0_0_0_0_0_
0.0,671,2412.306766,0,400.552582,1.752282,655_0_2_8_6_0_0_0_0_0_0_0_0_0_
0.0,671,2419.588579,0,400.552582,1.752282,655_0_2_8_6_0_0_0_0_0_0_0_0_0_
0.0,671,2426.691365,0,400.552582,1.752282,655_0_2_8_6_0_0_0_0_0_0_0_0_0_
0.0,671,2434.004533,0,400.552582,1.752282,655_0_2_8_6_0_0_0_0_0_0_0_0_0_
0.0,671,2441.070674,0,400.552582,1.752282,655_0_2_8_6_0_0_0_0_0_0_0_0_0_
0.0,671,2448.008735,0,400.552582,1.752282,655_0_2_8_6_0_0_0_0_0_0_0_0_0_
0.0,671,2464.561581,0,43.13483,0.001791,653_0_4_3_6_3_2_0_0_0_0_0_0_0_
-1.0,222,2467.262434,0,33.316402,1.503622,204_2_1_6_7_0_2_0_0_0_0_0_0_0_
0.0,671,2476.815002,0,39.012337,2.318426,657_1_2_3_5_1_2_0_0_0_0_0_0_0_
0.0,671,2484.832366,0,53.843636,0.006078,652_0_1_5_9_1_3_0_0_0_0_0_0_0_
0.0,671,2492.631916,0,44.235954,2.221229,655_1_1_3_7_2_2_0_0_0_0_0_0_0_
0.0,671,2524.351836,0,51.528652,0.001145,649_0_0_8_10_2_2_0_0_0_0_0_0_0_
0.0,671,2532.213767,0,40.841396,0.002095,650_0_2_8_9_0_2_0_0_0_0_0_0_0_
0.0,671,2540.158352,0,42.860214,0.005106,654_1_1_5_7_0_3_0_0_0_0_0_0_0_
0.0,671,2548.387869,0,554.547852,2.456073,659_0_0_6_6_0_0_0_0_0_0_0_0_0_
0.0,671,2555.456851,0,554.547852,2.456073,659_0_0_6_6_0_0_0_0_0_0_0_0_0_
0.0,671,2562.447173,0,554.547852,2.456073,659_0_0_6_6_0_0_0_0_0_0_0_0_0_
0.0,671,2569.510062,0,554.547852,2.456073,659_0_0_6_6_0_0_0_0_0_0_0_0_0_
0.0,671,2576.499896,0,554.547852,2.456073,659_0_0_6_6_0_0_0_0_0_0_0_0_0_
0.0,671,2583.842555,0,554.547852,2.456073,659_0_0_6_6_0_0_0_0_0_0_0_0_0_
0.0,671,2591.186445,0,554.547852,2.456073,659_0_0_6_6_0_0_0_0_0_0_0_0_0_
0.0,671,2598.262092,0,554.547852,2.456073,659_0_0_6_6_0_0_0_0_0_0_0_0_0_
0.0,671,2605.405143,0,554.547852,2.456073,659_0_0_6_6_0_0_0_0_0_0_0_0_0_
0.0,671,2612.605416,0,554.547852,2.456073,659_0_0_6_6_0_0_0_0_0_0_0_0_0_
0.0,671,2644.710403,0,59.17754,0.005893,650_0_0_6_10_2_3_0_0_0_0_0_0_0_
0.0,671,2652.50668,0,50.926167,8e-06,652_0_3_6_5_2_3_0_0_0_0_0_0_0_
0.0,671,2660.431082,0,37.796528,0.000759,652_1_1_6_8_1_2_0_0_0_0_0_0_0_
0.0,671,2669.958907,0,37.192493,0.000647,656_2_0_4_6_0_3_0_0_0_0_0_0_0_
-1.0,342,2673.97805,0,17.363253,0.447412,326_1_0_4_5_2_3_1_0_0_0_0_0_0_
0.0,671,2681.754213,0,48.798416,0.005814,651_0_1_8_7_2_2_0_0_0_0_0_0_0_
0.0,671,2700.166333,0,52.628689,2.446242,653_0_1_6_7_2_2_0_0_0_0_0_0_0_
0.0,671,2714.915139,0,562.366455,3.083815,664_0_0_3_1_3_0_0_0_0_0_0_0_0_
0.0,671,2722.077073,0,562.366455,3.083815,664_0_0_3_1_3_0_0_0_0_0_0_0_0_
0.0,671,2729.298877,0,562.366455,3.083815,664_0_0_3_1_3_0_0_0_0_0_0_0_0_
0.0,671,2736.469874,0,562.366455,3.083815,664_0_0_3_1_3_0_0_0_0_0_0_0_0_
0.0,671,2743.291306,0,562.366455,3.083815,664_0_0_3_1_3_0_0_0_0_0_0_0_0_
0.0,671,2750.096187,0,562.366455,3.083815,664_0_0_3_1_3_0_0_0_0_0_0_0_0_
0.0,671,2756.971273,0,562.366455,3.083815,664_0_0_3_1_3_0_0_0_0_0_0_0_0_
0.0,671,2764.182041,0,562.366455,3.083815,664_0_0_3_1_3_0_0_0_0_0_0_0_0_
0.0,671,2771.397895,0,562.366455,3.083815,664_0_0_3_1_3_0_0_0_0_0_0_0_0_
0.0,671,2778.450322,0,562.366455,3.083815,664_0_0_3_1_3_0_0_0_0_0_0_0_0_
0.0,671,2786.214861,0,50.099792,2.469048,654_0_1_6_6_1_2_0_1_0_0_0_0_0_
0.0,671,2795.751855,0,58.739155,0.000602,654_0_2_4_6_1_4_0_0_0_0_0_0_0_
0.0,671,2803.263586,0,52.652184,2.553683,654_0_1_5_7_2_2_0_0_0_0_0_0_0_
0.0,671,2810.787032,0,59.051643,0.00132,653_0_1_4_7_3_3_0_0_0_0_0_0_0_
0.0,671,2820.165663,0,53.711655,0.007536,655_0_2_3_6_2_3_0_0_0_0_0_0_0_
0.0,671,2828.002395,0,37.777924,0.003107,659_1_2_1_4_2_2_0_0_0_0_0_0_0_
0.0,671,2835.760803,0,56.435486,0.001175,651_0_1_5_9_2_3_0_0_0_0_0_0_0_
0.0,671,2846.256563,0,636.605774,3.019376,665_0_0_2_1_3_0_0_0_0_0_0_0_0_
0.0,671,2853.27523,0,636.605774,3.019376,665_0_0_2_1_3_0_0_0_0_0_0_0_0_
0.0,671,2860.069344,0,636.605774,3.019376,665_0_0_2_1_3_0_0_0_0_0_0_0_0_
0.0,671,2866.880969,0,636.605774,3.019376,665_0_0_2_1_3_0_0_0_0_0_0_0_0_
0.0,671,2873.631372,0,636.605774,3.019376,665_0_0_2_1_3_0_0_0_0_0_0_0_0_
0.0,671,2880.483705,0,636.605774,3.019376,665_0_0_2_1_3_0_0_0_0_0_0_0_0_
0.0,671,2887.518465,0,636.605774,3.019376,665_0_0_2_1_3_0_0_0_0_0_0_0_0_
0.0,671,2894.557356,0,636.605774,3.019376,665_0_0_2_1_3_0_0_0_0_0_0_0_0_
0.0,671,2901.599555,0,636.605774,3.019376,665_0_0_2_1_3_0_0_0_0_0_0_0_0_
0.0,671,2908.657719,0,636.605774,3.019376,665_0_0_2_1_3_0_0_0_0_0_0_0_0_
0.0,671,2941.931612,0,53.149849,0.005821,659_1_2_0_4_1_4_0_0_0_0_0_0_0_
0.0,671,2949.763936,0,42.838985,0.990044,653_1_2_5_7_0_3_0_0_0_0_0_0_0_
0.0,671,2957.489216,0,67.958755,2.261425,657_0_1_1_6_2_4_0_0_0_0_0_0_0_
0.0,671,2967.032715,0,53.740742,0.002523,656_0_2_3_5_2_3_0_0_0_0_0_0_0_
0.0,671,2974.7522,0,57.520824,2.749227,655_0_2_1_8_2_3_0_0_0_0_0_0_0_
0.0,671,2982.24286,0,66.716774,0.007102,656_0_1_1_6_3_4_0_0_0_0_0_0_0_
0.0,671,3001.078386,0,60.258327,2.567913,653_0_1_5_7_2_3_0_0_0_0_0_0_0_
0.0,671,3011.802419,0,628.789856,2.570342,661_0_0_5_5_0_0_0_0_0_0_0_0_0_
0.0,671,3018.970794,0,628.789856,2.570342,661_0_0_5_5_0_0_0_0_0_0_0_0_0_
0.0,671,3026.027761,0,628.789856,2.570342,661_0_0_5_5_0_0_0_0_0_0_0_0_0_
0.0,671,3033.08366,0,628.789856,2.570342,661_0_0_5_5_0_0_0_0_0_0_0_0_0_
0.0,671,3040.017499,0,628.789856,2.570342,661_0_0_5_5_0_0_0_0_0_0_0_0_0_
0.0,671,3046.814873,0,628.789856,2.570342,661_0_0_5_5_0_0_0_0_0_0_0_0_0_
0.0,671,3053.634707,0,628.789856,2.570342,661_0_0_5_5_0_0_0_0_0_0_0_0_0_
0.0,671,3060.547103,0,628.789856,2.570342,661_0_0_5_5_0_0_0_0_0_0_0_0_0_
0.0,671,3067.638686,0,628.789856,2.570342,661_0_0_5_5_0_0_0_0_0_0_0_0_0_
0.0,671,3074.664694,0,628.789856,2.570342,661_0_0_5_5_0_0_0_0_0_0_0_0_0_
0.0,671,3082.588969,0,58.775139,0.008621,657_0_2_1_6_1_4_0_0_0_0_0_0_0_
0.0,671,3090.466788,0,69.442291,0.001492,655_0_0_3_6_3_4_0_0_0_0_0_0_0_
-1.0,248,3095.109179,0,2.36787,2.303547,235_0_1_1_5_1_4_1_0_0_0_0_0_0_
0.0,671,3102.704987,0,64.249474,0.000703,654_0_0_5_7_1_4_0_0_0_0_0_0_0_
0.0,671,3110.173989,0,67.93679,2.343225,655_0_1_2_7_2_4_0_0_0_0_0_0_0_
0.0,671,3119.46788,0,68.067749,2.341537,654_0_0_4_7_1_4_0_1_0_0_0_0_0_
0.0,671,3127.308644,0,62.998528,2.553272,651_0_0_5_10_2_3_0_0_0_0_0_0_0_
-1.0,296,3130.81697,0,0.254095,2.253866,279_0_0_3_7_2_5_0_0_0_0_0_0_0_
0.0,671,3142.960783,0,628.789856,2.570342,661_0_0_5_5_0_0_0_0_0_0_0_0_0_
0.0,671,3150.030615,0,628.789856,2.570342,661_0_0_5_5_0_0_0_0_0_0_0_0_0_
0.0,671,3156.976304,0,628.789856,2.570342,661_0_0_5_5_0_0_0_0_0_0_0_0_0_
0.0,671,3163.804396,0,628.789856,2.570342,661_0_0_5_5_0_0_0_0_0_0_0_0_0_
0.0,671,3170.612917,0,628.789856,2.570342,661_0_0_5_5_0_0_0_0_0_0_0_0_0_
0.0,671,3177.469654,0,628.789856,2.570342,661_0_0_5_5_0_0_0_0_0_0_0_0_0_
0.0,671,3184.640657,0,628.789856,2.570342,661_0_0_5_5_0_0_0_0_0_0_0_0_0_
0.0,671,3191.616378,0,628.789856,2.570342,661_0_0_5_5_0_0_0_0_0_0_0_0_0_
0.0,671,3198.666511,0,628.789856,2.570342,661_0_0_5_5_0_0_0_0_0_0_0_0_0_
0.0,671,3205.674703,0,628.789856,2.570342,661_0_0_5_5_0_0_0_0_0_0_0_0_0_
0.0,671,3239.226969,0,64.111755,0.006451,656_0_1_2_6_2_4_0_0_0_0_0_0_0_
0.0,671,3246.964858,0,65.318932,2.336305,656_0_1_2_7_1_4_0_0_0_0_0_0_0_
0.0,671,3254.678297,0,53.856308,0.002319,653_0_1_5_7_1_3_0_1_0_0_0_0_0_
0.0,671,3264.116694,0,490.55246,2.797526,659_0_0_4_6_1_1_0_0_0_0_0_0_0_
0.0,671,3271.958257,0,64.093002,0.008509,655_0_1_2_7_2_4_0_0_0_0_0_0_0_
0.0,671,3279.500767,0,62.721169,2.555183,655_0_1_3_8_0_4_0_0_0_0_0_0_0_
0.0,671,3298.450906,0,66.841812,0.002701,653_0_0_4_8_2_4_0_0_0_0_0_0_0_
0.0,671,3309.305356,0,628.789856,2.570342,661_0_0_5_5_0_0_0_0_0_0_0_0_0_
0.0,671,3316.529883,0,628.789856,2.570342,661_0_0_5_5_0_0_0_0_0_0_0_0_0_
0.0,671,3323.832781,0,628.789856,2.570342,661_0_0_5_5_0_0_0_0_0_0_0_0_0_
0.0,671,3331.065145,0,628.789856,2.570342,661_0_0_5_5_0_0_0_0_0_0_0_0_0_
0.0,671,3337.990383,0,628.789856,2.570342,661_0_0_5_5_0_0_0_0_0_0_0_0_0_
0.0,671,3344.833172,0,628.789856,2.570342,661_0_0_5_5_0_0_0_0_0_0_0_0_0_
0.0,671,3351.719559,0,628.789856,2.570342,661_0_0_5_5_0_0_0_0_0_0_0_0_0_
0.0,671,3358.793662,0,628.789856,2.570342,661_0_0_5_5_0_0_0_0_0_0_0_0_0_
0.0,671,3365.985834,0,628.789856,2.570342,661_0_0_5_5_0_0_0_0_0_0_0_0_0_
0.0,671,3373.169801,0,628.789856,2.570342,661_0_0_5_5_0_0_0_0_0_0_0_0_0_
0.0,671,3381.069253,0,61.535351,0.004072,656_0_1_3_6_1_4_0_0_0_0_0_0_0_
0.0,671,3388.880908,0,44.534828,2.199811,655_0_3_3_7_1_2_0_0_0_0_0_0_0_
0.0,671,3421.470297,0,52.330719,2.322378,655_0_2_3_8_0_3_0_0_0_0_0_0_0_
0.0,671,3429.457292,0,51.248581,0.001941,652_0_1_6_9_0_3_0_0_0_0_0_0_0_
0.0,671,3437.438215,0,64.090286,0.006924,654_0_1_2_8_2_4_0_0_0_0_0_0_0_
0.0,671,3447.075043,0,57.677296,2.860007,654_0_1_4_7_1_3_0_1_0_0_0_0_0_
0.0,671,3454.894175,0,67.809929,2.676424,654_0_0_5_8_1_2_1_0_0_0_0_0_0_
0.0,671,3465.267449,0,703.03186,2.684117,663_0_0_4_4_0_0_0_0_0_0_0_0_0_
0.0,671,3472.128037,0,703.03186,2.684117,663_0_0_4_4_0_0_0_0_0_0_0_0_0_
0.0,671,3479.115717,0,703.03186,2.684117,663_0_0_4_4_0_0_0_0_0_0_0_0_0_
0.0,671,3486.290446,0,703.03186,2.684117,663_0_0_4_4_0_0_0_0_0_0_0_0_0_
0.0,671,3493.314854,0,703.03186,2.684117,663_0_0_4_4_0_0_0_0_0_0_0_0_0_
0.0,671,3500.425344,0,703.03186,2.684117,663_0_0_4_4_0_0_0_0_0_0_0_0_0_
0.0,671,3507.683633,0,703.03186,2.684117,663_0_0_4_4_0_0_0_0_0_0_0_0_0_
0.0,671,3514.900817,0,703.03186,2.684117,663_0_0_4_4_0_0_0_0_0_0_0_0_0_
0.0,671,3521.951755,0,703.03186,2.684117,663_0_0_4_4_0_0_0_0_0_0_0_0_0_
0.0,671,3528.970206,0,703.03186,2.684117,663_0_0_4_4_0_0_0_0_0_0_0_0_0_
0.0,671,3544.293592,0,68.070457,2.41743,655_0_0_4_7_1_4_0_0_0_0_0_0_0_
0.0,671,3553.769957,0,45.179245,2.889897,657_0_1_2_6_3_1_0_0_1_0_0_0_0_
0.0,671,3561.590864,0,50.013023,2.34214,651_0_1_6_10_1_2_0_0_0_0_0_0_0_
0.0,671,3569.449411,0,53.576393,0.002838,653_0_1_6_7_1_2_1_0_0_0_0_0_0_
0.0,671,3578.842694,0,42.286915,2.46035,653_0_2_5_7_2_1_0_1_0_0_0_0_0_
0.0,671,3586.364772,0,50.0257,2.303875,652_0_1_6_9_1_2_0_0_0_0_0_0_0_
0.0,671,3593.96591,0,49.996288,2.094683,649_0_1_8_10_1_2_0_0_0_0_0_0_0_
0.0,671,3606.332717,0,703.03186,2.684117,663_0_0_4_4_0_0_0_0_0_0_0_0_0_
0.0,671,3613.42649,0,703.03186,2.684117,663_0_0_4_4_0_0_0_0_0_0_0_0_0_
0.0,671,3620.512262,0,703.03186,2.684117,663_0_0_4_4_0_0_0_0_0_0_0_0_0_
0.0,671,3627.513212,0,703.03186,2.684117,663_0_0_4_4_0_0_0_0_0_0_0_0_0_
0.0,671,3634.577687,0,703.03186,2.684117,663_0_0_4_4_0_0_0_0_0_0_0_0_0_
0.0,671,3641.394804,0,703.03186,2.684117,663_0_0_4_4_0_0_0_0_0_0_0_0_0_
0.0,671,3648.188178,0,703.03186,2.684117,663_0_0_4_4_0_0_0_0_0_0_0_0_0_
0.0,671,3655.016258,0,703.03186,2.684117,663_0_0_4_4_0_0_0_0_0_0_0_0_0_
0.0,671,3662.100645,0,703.03186,2.684117,663_0_0_4_4_0_0_0_0_0_0_0_0_0_
0.0,671,3669.14079,0,703.03186,2.684117,663_0_0_4_4_0_0_0_0_0_0_0_0_0_
0.0,671,3676.887522,0,52.355881,2.542058,655_0_2_3_7_1_3_0_0_0_0_0_0_0_
0.0,671,3684.733221,0,51.093964,0.001038,654_0_2_4_7_1_3_0_0_0_0_0_0_0_
0.0,671,3694.21547,0,57.680008,2.553608,655_0_1_4_7_1_3_0_0_0_0_0_0_0_
0.0,671,3701.781469,0,47.292072,2.197481,654_0_2_5_7_1_2_0_0_0_0_0_0_0_
0.0,671,3709.304333,0,52.62075,2.680556,652_0_1_5_8_2_2_0_1_0_0_0_0_0_
0.0,671,3718.69275,0,64.370361,0.002941,651_0_0_4_9_4_3_0_0_0_0_0_0_0_
0.0,671,3726.43056,0,55.22123,2.794828,654_0_1_4_7_3_2_0_0_0_0_0_0_0_
0.0,671,3737.061141,0,703.03186,2.684117,663_0_0_4_4_0_0_0_0_0_0_0_0_0_
0.0,671,3744.105491,0,703.03186,2.684117,663_0_0_4_4_0_0_0_0_0_0_0_0_0_
0.0,671,3751.244157,0,703.03186,2.684117,663_0_0_4_4_0_0_0_0_0_0_0_0_0_
0.0,671,3758.214667,0,703.03186,2.684117,663_0_0_4_4_0_0_0_0_0_0_0_0_0_
0.0,671,3765.047995,0,703.03186,2.684117,663_0_0_4_4_0_0_0_0_0_0_0_0_0_
0.0,671,3771.886191,0,703.03186,2.684117,663_0_0_4_4_0_0_0_0_0_0_0_0_0_
0.0,671,3778.907373,0,703.03186,2.684117,663_0_0_4_4_0_0_0_0_0_0_0_0_0_
0.0,671,3785.985086,0,703.03186,2.684117,663_0_0_4_4_0_0_0_0_0_0_0_0_0_
0.0,671,3792.965973,0,703.03186,2.684117,663_0_0_4_4_0_0_0_0_0_0_0_0_0_
0.0,671,3799.94169,0,703.03186,2.684117,663_0_0_4_4_0_0_0_0_0_0_0_0_0_
0.0,671,3807.65269,0,51.120171,2.35604,656_0_2_3_6_1_3_0_0_0_0_0_0_0_
-1.0,593,3816.314145,0,25.612125,0.006906,576_0_1_3_6_3_3_1_0_0_0_0_0_0_
0.0,671,3823.887985,0,48.655968,0.000334,653_0_2_3_8_3_2_0_0_0_0_0_0_0_
0.0,671,3831.311552,0,57.680008,2.563232,655_0_1_4_7_1_3_0_0_0_0_0_0_0_
0.0,671,3840.730385,0,60.406185,2.565605,652_0_0_6_9_1_3_0_0_0_0_0_0_0_
0.0,671,3848.504168,0,52.623463,2.574802,653_0_1_5_8_2_2_0_0_0_0_0_0_0_
0.0,671,3856.257674,0,51.123539,0.003906,655_0_2_3_7_1_3_0_0_0_0_0_0_0_
0.0,671,3867.836121,0,777.273926,2.799116,665_0_0_3_3_0_0_0_0_0_0_0_0_0_
0.0,671,3874.808078,0,777.273926,2.799116,665_0_0_3_3_0_0_0_0_0_0_0_0_0_
0.0,671,3881.664829,0,777.273926,2.799116,665_0_0_3_3_0_0_0_0_0_0_0_0_0_
0.0,671,3888.465174,0,777.273926,2.799116,665_0_0_3_3_0_0_0_0_0_0_0_0_0_
0.0,671,3895.264797,0,777.273926,2.799116,665_0_0_3_3_0_0_0_0_0_0_0_0_0_
0.0,671,3902.291817,0,777.273926,2.799116,665_0_0_3_3_0_0_0_0_0_0_0_0_0_
0.0,671,3909.341582,0,777.273926,2.799116,665_0_0_3_3_0_0_0_0_0_0_0_0_0_
0.0,671,3916.446313,0,777.273926,2.799116,665_0_0_3_3_0_0_0_0_0_0_0_0_0_
0.0,671,3923.521229,0,777.273926,2.799116,665_0_0_3_3_0_0_0_0_0_0_0_0_0_
0.0,671,3930.481896,0,777.273926,2.799116,665_0_0_3_3_0_0_0_0_0_0_0_0_0_
0.0,671,3939.819006,0,49.46423,2.554428,656_1_0_4_7_0_3_0_0_0_0_0_0_0_
0.0,671,3947.515051,0,60.403473,2.456074,651_0_0_6_10_1_3_0_0_0_0_0_0_0_
-1.0,355,3951.581411,0,6.935253,2.088789,334_1_0_7_8_1_2_2_0_0_0_0_0_0_
-1.0,421,3956.51122,0,15.066813,2.091846,402_0_2_5_8_0_3_1_0_0_0_0_0_0_
-1.0,285,3961.677011,0,14.402355,0.692616,265_0_0_3_6_2_5_4_0_0_0_0_0_0_
-1.0,342,3965.777562,0,20.108498,2.333966,321_0_1_6_8_1_3_2_0_0_0_0_0_0_
0.0,671,3973.611952,0,57.808418,2.332676,651_0_0_7_10_0_3_0_0_0_0_0_0_0_
0.0,671,3981.405372,0,60.275063,2.700645,655_0_1_3_7_2_3_0_0_0_0_0_0_0_
-1.0,382,3987.798733,0,33.094002,1.952392,361_0_0_5_8_2_4_2_0_0_0_0_0_0_
0.0,671,4000.682621,0,703.03186,2.684117,663_0_0_4_4_0_0_0_0_0_0_0_0_0_
0.0,671,4007.563112,0,703.03186,2.684117,663_0_0_4_4_0_0_0_0_0_0_0_0_0_
0.0,671,4014.377783,0,703.03186,2.684117,663_0_0_4_4_0_0_0_0_0_0_0_0_0_
0.0,671,4021.447443,0,703.03186,2.684117,663_0_0_4_4_0_0_0_0_0_0_0_0_0_
0.0,671,4028.48149,0,703.03186,2.684117,663_0_0_4_4_0_0_0_0_0_0_0_0_0_
0.0,671,4035.43851,0,703.03186,2.684117,663_0_0_4_4_0_0_0_0_0_0_0_0_0_
0.0,671,4042.397481,0,703.03186,2.684117,663_0_0_4_4_0_0_0_0_0_0_0_0_0_
0.0,671,4049.37035,0,703.03186,2.684117,663_0_0_4_4_0_0_0_0_0_0_0_0_0_
0.0,671,4056.359717,0,703.03186,2.684117,663_0_0_4_4_0_0_0_0_0_0_0_0_0_
0.0,671,4063.34056,0,703.03186,2.684117,663_0_0_4_4_0_0_0_0_0_0_0_0_0_
-1.0,408,4081.344317,0,27.928658,2.710681,388_0_0_7_8_1_2_2_0_0_0_0_0_0_
-1.0,509,4087.355539,0,14.611348,2.099646,489_0_3_4_7_1_3_2_0_0_0_0_0_0_
0.0,671,4097.142637,0,59.666119,2.17333,650_0_1_5_8_2_3_2_0_0_0_0_0_0_
0.0,671,4104.910998,0,267.829071,2.454355,653_0_0_7_8_1_2_0_0_0_0_0_0_0_
-1.0,536,4111.340705,0,25.740538,2.685146,515_0_0_6_9_2_3_1_0_0_0_0_0_0_
-1.0,275,4114.680823,0,25.202646,2.333529,257_0_1_5_8_0_2_2_0_0_0_0_0_0_
-1.0,346,4138.9812,0,24.90451,2.219755,326_0_1_6_8_0_2_3_0_0_0_0_0_0_
-1.0,468,4144.576833,0,1.563483,1.858368,446_0_0_7_8_0_3_4_0_0_0_0_0_0_
-1.0,327,4148.535131,0,4.011905,1.124112,307_0_1_3_6_2_4_4_0_0_0_0_0_0_
-1.0,564,4155.211669,0,32.793156,1.613729,540_0_0_6_9_2_4_3_0_0_0_0_0_0_
0.0,671,4165.047683,0,703.03186,2.684117,663_0_0_4_4_0_0_0_0_0_0_0_0_0_
0.0,671,4172.132571,0,703.03186,2.684117,663_0_0_4_4_0_0_0_0_0_0_0_0_0_
0.0,671,4178.963449,0,703.03186,2.684117,663_0_0_4_4_0_0_0_0_0_0_0_0_0_
0.0,671,4185.937679,0,703.03186,2.684117,663_0_0_4_4_0_0_0_0_0_0_0_0_0_
0.0,671,4192.932324,0,703.03186,2.684117,663_0_0_4_4_0_0_0_0_0_0_0_0_0_
0.0,671,4200.007543,0,703.03186,2.684117,663_0_0_4_4_0_0_0_0_0_0_0_0_0_
0.0,671,4207.064815,0,703.03186,2.684117,663_0_0_4_4_0_0_0_0_0_0_0_0_0_
0.0,671,4214.253648,0,703.03186,2.684117,663_0_0_4_4_0_0_0_0_0_0_0_0_0_
0.0,671,4221.452637,0,703.03186,2.684117,663_0_0_4_4_0_0_0_0_0_0_0_0_0_
0.0,671,4228.701604,0,703.03186,2.684117,663_0_0_4_4_0_0_0_0_0_0_0_0_0_
-1.0,419,4258.431658,0,10.157268,1.994363,397_0_1_8_10_0_2_1_0_0_0_0_0_0_
0.0,671,4266.078679,0,337.024536,2.583098,654_0_0_7_8_2_0_0_0_0_0_0_0_0_
-1.0,384,4270.674918,0,30.539263,2.565627,365_0_0_6_8_1_2_2_0_0_0_0_0_0_
-1.0,637,4278.112454,0,12.911629,1.998453,614_0_0_10_11_0_1_1_0_0_0_0_0_0_
0.0,671,4287.566201,0,408.658813,2.461839,655_0_0_7_8_1_0_0_0_0_0_0_0_0_
0.0,671,4295.314144,0,173.964066,2.521849,652_0_0_5_8_2_2_2_0_0_0_0_0_0_
0.0,671,4302.858125,0,554.547852,2.456074,659_0_0_6_6_0_0_0_0_0_0_0_0_0_
0.0,671,4321.717967,0,628.789856,2.569848,661_0_0_5_5_0_0_0_0_0_0_0_0_0_
0.0,671,4331.563567,0,703.03186,2.684117,663_0_0_4_4_0_0_0_0_0_0_0_0_0_
0.0,671,4338.647793,0,703.03186,2.684117,663_0_0_4_4_0_0_0_0_0_0_0_0_0_
0.0,671,4345.850021,0,703.03186,2.684117,663_0_0_4_4_0_0_0_0_0_0_0_0_0_
0.0,671,4352.999531,0,703.03186,2.684117,663_0_0_4_4_0_0_0_0_0_0_0_0_0_
0.0,671,4360.058219,0,703.03186,2.684117,663_0_0_4_4_0_0_0_0_0_0_0_0_0_
0.0,671,4367.107291,0,703.03186,2.684117,663_0_0_4_4_0_0_0_0_0_0_0_0_0_
0.0,671,4374.100105,0,703.03186,2.684117,663_0_0_4_4_0_0_0_0_0_0_0_0_0_
0.0,671,4381.332234,0,703.03186,2.684117,663_0_0_4_4_0_0_0_0_0_0_0_0_0_
0.0,671,4388.598111,0,703.03186,2.684117,663_0_0_4_4_0_0_0_0_0_0_0_0_0_
0.0,671,4395.766534,0,703.03186,2.684117,663_0_0_4_4_0_0_0_0_0_0_0_0_0_
0.0,671,4403.672409,0,628.789856,2.562817,661_0_0_5_5_0_0_0_0_0_0_0_0_0_
0.0,671,4411.648186,0,628.789856,2.569848,661_0_0_5_5_0_0_0_0_0_0_0_0_0_
0.0,671,4443.80991,0,493.147491,2.999244,659_0_0_3_6_2_1_0_0_0_0_0_0_0_
0.0,671,4451.766802,0,633.982666,3.019374,662_0_0_3_4_2_0_0_0_0_0_0_0_0_
0.0,671,4459.674814,0,352.330444,2.739589,659_0_0_3_5_2_2_0_0_0_0_0_0_0_
-1.0,555,4468.07638,0,27.890947,1.832242,533_0_1_3_9_4_3_2_0_0_0_0_0_0_
0.0,671,4475.769525,0,424.244537,2.421673,657_0_0_1_6_7_0_0_0_0_0_0_0_0_
0.0,671,4487.625657,0,498.471161,2.303117,657_0_0_0_7_7_0_0_0_0_0_0_0_0_
0.0,671,4494.710939,0,498.471161,2.303117,657_0_0_0_7_7_0_0_0_0_0_0_0_0_
0.0,671,4501.811961,0,498.471161,2.303117,657_0_0_0_7_7_0_0_0_0_0_0_0_0_
0.0,671,4508.996221,0,498.471161,2.303117,657_0_0_0_7_7_0_0_0_0_0_0_0_0_
0.0,671,4516.213125,0,498.471161,2.303117,657_0_0_0_7_7_0_0_0_0_0_0_0_0_
0.0,671,4523.415866,0,498.471161,2.303117,657_0_0_0_7_7_0_0_0_0_0_0_0_0_
0.0,671,4530.59558,0,498.471161,2.303117,657_0_0_0_7_7_0_0_0_0_0_0_0_0_
0.0,671,4537.624728,0,498.471161,2.303117,657_0_0_0_7_7_0_0_0_0_0_0_0_0_
0.0,671,4544.460674,0,498.471161,2.303117,657_0_0_0_7_7_0_0_0_0_0_0_0_0_
0.0,671,4551.295767,0,498.471161,2.303117,657_0_0_0_7_7_0_0_0_0_0_0_0_0_
0.0,671,4566.224003,0,352.594849,2.276508,654_0_0_1_8_8_0_0_0_0_0_0_0_0_
0.0,671,4573.95785,0,426.824188,2.173521,655_0_0_0_8_8_0_0_0_0_0_0_0_0_
0.0,671,4581.758042,0,424.231873,2.38979,656_0_0_1_7_7_0_0_0_0_0_0_0_0_
-1.0,403,4586.627121,0,33.407913,1.652204,384_0_1_0_8_6_3_1_0_0_0_0_0_0_
0.0,671,4596.023687,0,426.824188,2.128172,655_0_0_0_8_8_0_0_0_0_0_0_0_0_
0.0,671,4603.589493,0,355.177216,1.954214,653_0_0_0_9_9_0_0_0_0_0_0_0_0_
0.0,671,4611.311912,0,426.824188,2.100963,655_0_0_0_8_8_0_0_0_0_0_0_0_0_
-1.0,489,4620.363244,0,14.954943,0.152176,466_0_0_0_9_8_3_3_0_0_0_0_0_0_
0.0,671,4628.466063,0,466.25531,2.55082,667_2_0_0_1_1_0_0_0_0_0_0_0_0_
0.0,671,4635.513566,0,466.25531,2.55082,667_2_0_0_1_1_0_0_0_0_0_0_0_0_
0.0,671,4642.62157,0,466.25531,2.55082,667_2_0_0_1_1_0_0_0_0_0_0_0_0_
0.0,671,4649.663622,0,466.25531,2.55082,667_2_0_0_1_1_0_0_0_0_0_0_0_0_
0.0,671,4656.705586,0,466.25531,2.55082,667_2_0_0_1_1_0_0_0_0_0_0_0_0_
0.0,671,4663.590973,0,466.25531,2.55082,667_2_0_0_1_1_0_0_0_0_0_0_0_0_
0.0,671,4670.478009,0,466.25531,2.55082,667_2_0_0_1_1_0_0_0_0_0_0_0_0_
0.0,671,4677.399577,0,466.25531,2.55082,667_2_0_0_1_1_0_0_0_0_0_0_0_0_
0.0,671,4684.430068,0,466.25531,2.55082,667_2_0_0_1_1_0_0_0_0_0_0_0_0_
0.0,671,4691.509745,0,466.25531,2.55082,667_2_0_0_1_1_0_0_0_0_0_0_0_0_
-1.0,206,4694.00173,0,5.747544,2.347958,193_2_1_0_3_2_2_3_0_0_0_0_0_0_
0.0,671,4701.77927,0,394.608337,2.544767,665_2_0_0_2_2_0_0_0_0_0_0_0_0_
0.0,671,4709.44799,0,394.652191,2.546402,666_2_0_0_1_2_0_0_0_0_0_0_0_0_
0.0,671,4718.724625,0,394.652191,2.546402,666_2_0_0_1_2_0_0_0_0_0_0_0_0_
0.0,671,4726.237891,0,394.564453,2.672288,664_2_0_0_3_2_0_0_0_0_0_0_0_0_
0.0,671,4733.651362,0,466.25531,2.55082,667_2_0_0_1_1_0_0_0_0_0_0_0_0_
0.0,671,4743.062559,0,323.005219,2.696676,664_2_0_0_2_3_0_0_0_0_0_0_0_0_
0.0,671,4750.765653,0,394.608337,2.615305,665_2_0_0_2_2_0_0_0_0_0_0_0_0_
0.0,671,4758.991297,0,697.299194,2.835645,668_1_0_0_0_1_0_0_1_0_0_0_0_0_
0.0,671,4766.05208,0,697.299194,2.835645,668_1_0_0_0_1_0_0_1_0_0_0_0_0_
0.0,671,4773.199639,0,697.299194,2.835645,668_1_0_0_0_1_0_0_1_0_0_0_0_0_
0.0,671,4780.082582,0,697.299194,2.835645,668_1_0_0_0_1_0_0_1_0_0_0_0_0_
0.0,671,4786.995474,0,697.299194,2.835645,668_1_0_0_0_1_0_0_1_0_0_0_0_0_
0.0,671,4793.787414,0,697.299194,2.835645,668_1_0_0_0_1_0_0_1_0_0_0_0_0_
0.0,671,4800.768177,0,697.299194,2.835645,668_1_0_0_0_1_0_0_1_0_0_0_0_0_
0.0,671,4807.82212,0,697.299194,2.835645,668_1_0_0_0_1_0_0_1_0_0_0_0_0_
0.0,671,4814.972598,0,697.299194,2.835645,668_1_0_0_0_1_0_0_1_0_0_0_0_0_
0.0,671,4822.036698,0,697.299194,2.835645,668_1_0_0_0_1_0_0_1_0_0_0_0_0_
0.0,671,4829.803413,0,394.554474,2.689042,664_2_0_0_3_2_0_0_0_0_0_0_0_0_
0.0,671,4839.191578,0,306.706848,2.074755,665_3_0_0_3_0_0_0_0_0_0_0_0_0_
0.0,671,4846.682019,0,325.422852,2.55082,665_2_0_0_2_1_1_0_0_0_0_0_0_0_
0.0,671,4854.222577,0,394.66217,2.452446,666_2_0_0_1_2_0_0_0_0_0_0_0_0_
-1.0,338,4859.946627,0,3.688437,2.388306,322_2_0_3_4_3_2_2_0_0_0_0_0_0_
-1.0,215,4862.572512,0,33.422283,1.843836,201_3_0_3_1_2_3_2_0_0_0_0_0_0_
-1.0,219,4865.201087,0,4.800534,1.534965,204_3_0_2_0_2_4_4_0_0_0_0_0_0_
-1.0,116,4866.689903,0,26.262011,2.102167,107_3_0_1_1_2_1_1_0_0_0_0_0_0_
-1.0,165,4868.667383,0,31.257088,2.091908,154_3_0_1_1_2_3_1_0_0_0_0_0_0_
-1.0,69,4869.489692,0,29.178638,2.412807,63_1_0_0_0_1_2_1_0_1_0_0_0_0_
0.0,671,4877.120905,0,322.986908,2.579219,664_2_0_1_1_3_0_0_0_0_0_0_0_0_
0.0,671,4892.2975,0,413.723785,0.000822,664_4_0_3_0_0_0_0_0_0_0_0_0_0_
0.0,671,4899.367853,0,413.723785,0.000822,664_4_0_3_0_0_0_0_0_0_0_0_0_0_
0.0,671,4906.422417,0,413.723785,0.000822,664_4_0_3_0_0_0_0_0_0_0_0_0_0_
0.0,671,4913.565759,0,413.723785,0.000822,664_4_0_3_0_0_0_0_0_0_0_0_0_0_
0.0,671,4920.807502,0,413.723785,0.000822,664_4_0_3_0_0_0_0_0_0_0_0_0_0_
0.0,671,4928.108665,0,413.723785,0.000822,664_4_0_3_0_0_0_0_0_0_0_0_0_0_
0.0,671,4935.46786,0,413.723785,0.000822,664_4_0_3_0_0_0_0_0_0_0_0_0_0_
0.0,671,4942.836549,0,413.723785,0.000822,664_4_0_3_0_0_0_0_0_0_0_0_0_0_
0.0,671,4950.279402,0,413.723785,0.000822,664_4_0_3_0_0_0_0_0_0_0_0_0_0_
0.0,671,4957.522319,0,413.723785,0.000822,664_4_0_3_0_0_0_0_0_0_0_0_0_0_
-1.0,208,4979.060248,0,31.257088,2.027282,197_3_0_1_1_2_3_1_0_0_0_0_0_0_
0.0,671,4986.817585,0,309.316925,1.583209,664_3_0_2_1_1_0_0_0_0_0_0_0_0_
-1.0,195,4989.158327,0,30.873486,1.84203,181_3_0_2_3_1_3_2_0_0_0_0_0_0_
-1.0,166,4991.252216,0,26.335951,1.684303,153_3_0_4_2_2_2_0_0_0_0_0_0_0_
-1.0,237,4994.0989,0,31.226084,1.915714,225_3_0_2_1_2_3_1_0_0_0_0_0_0_
0.0,671,5003.596306,0,309.213928,1.620209,663_3_0_3_1_1_0_0_0_0_0_0_0_0_
-1.0,233,5006.369536,0,23.615908,1.518485,220_3_0_4_2_1_2_1_0_0_0_0_0_0_
-1.0,420,5011.344998,0,27.436558,0.002376,410_3_0_0_3_1_2_1_0_0_0_0_0_0_
0.0,671,5018.989926,0,160.845444,0.57974,658_4_1_4_1_0_2_1_0_0_0_0_0_0_
0.0,671,5039.036179,0,306.675842,1.747476,664_3_0_1_3_0_0_0_0_0_0_0_0_0_
-1.0,323,5042.843821,0,12.725286,1.172962,311_4_0_3_3_0_2_0_0_0_0_0_0_0_
0.0,671,5056.233514,0,413.69278,0.004584,663_4_0_4_0_0_0_0_0_0_0_0_0_0_
0.0,671,5063.507058,0,413.69278,0.004584,663_4_0_4_0_0_0_0_0_0_0_0_0_0_
0.0,671,5070.758874,0,413.69278,0.004584,663_4_0_4_0_0_0_0_0_0_0_0_0_0_
0.0,671,5077.942202,0,413.69278,0.004584,663_4_0_4_0_0_0_0_0_0_0_0_0_0_
0.0,671,5085.039399,0,413.69278,0.004584,663_4_0_4_0_0_0_0_0_0_0_0_0_0_
0.0,671,5092.174273,0,413.69278,0.004584,663_4_0_4_0_0_0_0_0_0_0_0_0_0_
0.0,671,5099.391074,0,413.69278,0.004584,663_4_0_4_0_0_0_0_0_0_0_0_0_0_
0.0,671,5106.742553,0,413.69278,0.004584,663_4_0_4_0_0_0_0_0_0_0_0_0_0_
0.0,671,5114.077811,0,413.69278,0.004584,663_4_0_4_0_0_0_0_0_0_0_0_0_0_
0.0,671,5121.398134,0,413.69278,0.004584,663_4_0_4_0_0_0_0_0_0_0_0_0_0_
0.0,671,5129.376261,0,97.805923,0.00251,660_3_0_2_2_1_2_1_0_0_0_0_0_0_
0.0,671,5160.879449,0,161.929382,1.24239,657_3_0_6_4_0_1_0_0_0_0_0_0_0_
0.0,671,5169.02146,0,153.474503,0.004331,658_4_1_5_2_0_1_0_0_0_0_0_0_0_
-1.0,288,5172.482688,0,11.587958,0.001114,277_4_0_4_1_1_1_0_0_0_0_0_0_0_
0.0,671,5180.430623,0,90.30542,0.002537,657_3_0_5_3_1_1_0_1_0_0_0_0_0_
0.0,671,5190.17606,0,93.238495,0.006209,664_3_0_0_0_3_1_0_0_0_0_0_0_0_
-1.0,140,5191.871022,0,18.903713,1.922042,129_3_0_4_1_2_1_0_0_0_0_0_0_0_
0.0,671,5199.505188,0,103.928452,0.007689,659_2_0_6_0_3_1_0_0_0_0_0_0_0_
0.0,671,5212.967825,0,435.760284,0.005763,663_2_0_4_0_2_0_0_0_0_0_0_0_0_
0.0,671,5220.105792,0,435.760284,0.005763,663_2_0_4_0_2_0_0_0_0_0_0_0_0_
0.0,671,5227.36563,0,435.760284,0.005763,663_2_0_4_0_2_0_0_0_0_0_0_0_0_
0.0,671,5234.661922,0,435.760284,0.005763,663_2_0_4_0_2_0_0_0_0_0_0_0_0_
0.0,671,5241.908232,0,435.760284,0.005763,663_2_0_4_0_2_0_0_0_0_0_0_0_0_
0.0,671,5249.219873,0,435.760284,0.005763,663_2_0_4_0_2_0_0_0_0_0_0_0_0_
0.0,671,5256.670635,0,435.760284,0.005763,663_2_0_4_0_2_0_0_0_0_0_0_0_0_
0.0,671,5263.746391,0,435.760284,0.005763,663_2_0_4_0_2_0_0_0_0_0_0_0_0_
0.0,671,5270.826966,0,435.760284,0.005763,663_2_0_4_0_2_0_0_0_0_0_0_0_0_
0.0,671,5277.921055,0,435.760284,0.005763,663_2_0_4_0_2_0_0_0_0_0_0_0_0_
0.0,671,5287.643573,0,114.949516,0.008122,658_1_0_6_1_4_1_0_0_0_0_0_0_0_
0.0,671,5295.67901,0,81.84967,0.008469,658_4_1_5_1_1_1_0_0_0_0_0_0_0_
0.0,671,5303.616168,0,81.895149,0.006814,660_4_0_4_1_1_1_0_0_0_0_0_0_0_
-1.0,514,5311.515191,0,29.063416,0.00442,496_2_1_8_3_1_2_1_0_0_0_0_0_0_
0.0,671,5319.130026,0,43.461895,0.005597,660_1_0_4_0_5_1_0_0_0_0_0_0_0_
0.0,671,5326.858339,0,55.574902,0.006408,658_0_0_6_1_5_1_0_0_0_0_0_0_0_
-1.0,157,5328.671519,0,29.865292,2.135329,145_2_0_5_0_3_1_0_1_0_0_0_0_0_
0.0,671,5342.879211,0,152.43634,0.003025,657_1_0_7_2_4_0_0_0_0_0_0_0_0_
0.0,671,5353.655536,0,117.162415,3.030679,662_0_0_4_0_4_0_0_0_1_0_0_0_0_
0.0,671,5360.696392,0,117.162415,3.030679,662_0_0_4_0_4_0_0_0_1_0_0_0_0_
0.0,671,5367.696359,0,117.162415,3.030679,662_0_0_4_0_4_0_0_0_1_0_0_0_0_
0.0,671,5374.818092,0,117.162415,3.030679,662_0_0_4_0_4_0_0_0_1_0_0_0_0_
0.0,671,5381.601971,0,117.162415,3.030679,662_0_0_4_0_4_0_0_0_1_0_0_0_0_
0.0,671,5388.377179,0,117.162415,3.030679,662_0_0_4_0_4_0_0_0_1_0_0_0_0_
0.0,671,5395.185763,0,117.162415,3.030679,662_0_0_4_0_4_0_0_0_1_0_0_0_0_
0.0,671,5402.42376,0,117.162415,3.030679,662_0_0_4_0_4_0_0_0_1_0_0_0_0_
0.0,671,5409.406085,0,117.162415,3.030679,662_0_0_4_0_4_0_0_0_1_0_0_0_0_
0.0,671,5416.398052,0,117.162415,3.030679,662_0_0_4_0_4_0_0_0_1_0_0_0_0_
0.0,671,5424.367553,0,178.284729,0.000218,660_2_0_3_1_4_1_0_0_0_0_0_0_0_
0.0,671,5432.201665,0,112.233963,0.000817,659_1_1_4_1_4_1_0_0_0_0_0_0_0_
0.0,671,5441.675922,0,186.648911,0.001224,659_1_0_5_1_4_1_0_0_0_0_0_0_0_
0.0,671,5449.300975,0,178.356888,0.0084,662_2_0_2_0_4_1_0_0_0_0_0_0_0_
0.0,671,5456.95324,0,141.437561,0.000448,662_2_1_2_0_4_0_0_0_0_0_0_0_0_
0.0,671,5466.639579,0,96.0672,0.003799,667_1_0_0_0_1_1_0_0_1_0_0_0_0_
-1.0,270,5469.875866,0,26.232971,1.029975,260_3_0_2_0_2_2_1_0_0_0_0_0_0_
0.0,671,5477.760079,0,115.024025,0.00758,660_1_0_5_0_4_1_0_0_0_0_0_0_0_
0.0,671,5485.551036,0,671.126648,0.003881,666_0_0_3_0_2_0_0_0_0_0_0_0_0_
0.0,671,5493.047911,0,671.126648,0.003881,666_0_0_3_0_2_0_0_0_0_0_0_0_0_
0.0,671,5500.301013,0,671.126648,0.003881,666_0_0_3_0_2_0_0_0_0_0_0_0_0_
0.0,671,5507.528636,0,671.126648,0.003881,666_0_0_3_0_2_0_0_0_0_0_0_0_0_
0.0,671,5514.775062,0,671.126648,0.003881,666_0_0_3_0_2_0_0_0_0_0_0_0_0_
0.0,671,5522.16123,0,671.126648,0.003881,666_0_0_3_0_2_0_0_0_0_0_0_0_0_
0.0,671,5529.681961,0,671.126648,0.003881,666_0_0_3_0_2_0_0_0_0_0_0_0_0_
0.0,671,5537.192474,0,671.126648,0.003881,666_0_0_3_0_2_0_0_0_0_0_0_0_0_
0.0,671,5544.699973,0,671.126648,0.003881,666_0_0_3_0_2_0_0_0_0_0_0_0_0_
0.0,671,5552.221527,0,671.126648,0.003881,666_0_0_3_0_2_0_0_0_0_0_0_0_0_
-1.0,144,5553.961929,0,16.041172,1.500954,133_3_1_4_0_2_1_0_0_0_0_0_0_0_
0.0,671,5582.480861,0,178.274323,0.006636,661_2_0_3_1_3_1_0_0_0_0_0_0_0_
0.0,671,5590.437514,0,133.277466,0.000687,658_2_3_5_0_3_0_0_0_0_0_0_0_0_
-1.0,169,5592.50645,0,18.896238,1.1511,155_2_4_5_0_2_1_0_0_0_0_0_0_0_
0.0,671,5600.577978,0,114.944717,0.004653,658_1_0_6_1_4_1_0_0_0_0_0_0_0_
0.0,671,5610.337354,0,90.200378,0.002725,658_3_1_4_2_2_1_0_0_0_0_0_0_0_
0.0,671,5618.09967,0,103.946411,0.000192,659_2_0_5_1_3_1_0_0_0_0_0_0_0_
0.0,671,5626.079172,0,101.153107,0.000569,657_2_1_6_0_4_1_0_0_0_0_0_0_0_
-1.0,151,5627.990211,0,16.040224,1.566811,140_3_2_3_0_2_1_0_0_0_0_0_0_0_
0.0,671,5651.157906,0,671.126648,0.003881,666_0_0_3_0_2_0_0_0_0_0_0_0_0_
0.0,671,5658.68877,0,671.126648,0.003881,666_0_0_3_0_2_0_0_0_0_0_0_0_0_
0.0,671,5666.138184,0,671.126648,0.003881,666_0_0_3_0_2_0_0_0_0_0_0_0_0_
0.0,671,5673.542578,0,671.126648,0.003881,666_0_0_3_0_2_0_0_0_0_0_0_0_0_
0.0,671,5680.798316,0,671.126648,0.003881,666_0_0_3_0_2_0_0_0_0_0_0_0_0_
0.0,671,5688.248839,0,671.126648,0.003881,666_0_0_3_0_2_0_0_0_0_0_0_0_0_
0.0,671,5695.534248,0,671.126648,0.003881,666_0_0_3_0_2_0_0_0_0_0_0_0_0_
0.0,671,5703.001201,0,671.126648,0.003881,666_0_0_3_0_2_0_0_0_0_0_0_0_0_
0.0,671,5710.510509,0,671.126648,0.003881,666_0_0_3_0_2_0_0_0_0_0_0_0_0_
0.0,671,5718.038565,0,671.126648,0.003881,666_0_0_3_0_2_0_0_0_0_0_0_0_0_
0.0,671,5725.853499,0,178.202164,0.361412,660_2_0_4_1_3_1_0_0_0_0_0_0_0_
0.0,671,5733.656107,0,226.494217,0.7593,660_4_0_5_1_1_0_0_0_0_0_0_0_0_
0.0,671,5763.095613,0,290.02066,0.005375,663_2_0_3_0_3_0_0_0_0_0_0_0_0_
0.0,671,5771.064225,0,166.305725,0.00348,659_2_2_4_1_2_1_0_0_0_0_0_0_0_
0.0,671,5778.898934,0,248.895691,0.001941,658_1_2_6_2_2_0_0_0_0_0_0_0_0_
0.0,671,5788.657161,0,183.886108,0.000949,660_1_1_4_1_3_1_0_0_0_0_0_0_0_
0.0,671,5796.575596,0,367.063934,0.002283,661_1_2_3_1_3_0_0_0_0_0_0_0_0_
0.0,671,5807.23509,0,665.905823,0.001111,662_0_0_5_4_0_0_0_0_0_0_0_0_0_
0.0,671,5814.516262,0,665.905823,0.001111,662_0_0_5_4_0_0_0_0_0_0_0_0_0_
0.0,671,5821.868019,0,665.905823,0.001111,662_0_0_5_4_0_0_0_0_0_0_0_0_0_
0.0,671,5829.32373,0,665.905823,0.001111,662_0_0_5_4_0_0_0_0_0_0_0_0_0_
0.0,671,5836.848373,0,665.905823,0.001111,662_0_0_5_4_0_0_0_0_0_0_0_0_0_
0.0,671,5844.338162,0,665.905823,0.001111,662_0_0_5_4_0_0_0_0_0_0_0_0_0_
0.0,671,5851.927344,0,665.905823,0.001111,662_0_0_5_4_0_0_0_0_0_0_0_0_0_
0.0,671,5859.229597,0,665.905823,0.001111,662_0_0_5_4_0_0_0_0_0_0_0_0_0_
0.0,671,5866.483644,0,665.905823,0.001111,662_0_0_5_4_0_0_0_0_0_0_0_0_0_
0.0,671,5873.864505,0,665.905823,0.001111,662_0_0_5_4_0_0_0_0_0_0_0_0_0_
0.0,671,5884.506965,0,43.999271,0.003799,660_0_1_3_1_4_1_0_0_1_0_0_0_0_
0.0,671,5894.222026,0,37.976009,0.006343,655_1_1_4_4_4_1_0_1_0_0_0_0_0_
0.0,671,5902.123724,0,96.125999,0.007877,654_2_2_4_7_2_0_0_0_0_0_0_0_0_
0.0,671,5910.022363,0,193.599442,2.798571,653_0_1_4_6_5_0_0_2_0_0_0_0_0_
-1.0,130,5913.365532,0,13.476188,1.837966,120_3_1_1_3_1_1_0_0_0_0_0_0_0_
0.0,671,5920.965754,0,38.169701,0.003286,654_1_0_6_5_3_1_0_1_0_0_0_0_0_
-1.0,232,5923.784586,0,27.432901,1.845169,214_1_2_5_7_2_1_0_0_0_0_0_0_0_
0.0,671,5931.393439,0,52.913933,2.679284,650_0_0_7_5_5_1_0_3_0_0_0_0_0_
0.0,671,5947.888326,0,554.547852,2.456073,659_0_0_6_6_0_0_0_0_0_0_0_0_0_
0.0,671,5955.229538,0,554.547852,2.456073,659_0_0_6_6_0_0_0_0_0_0_0_0_0_
0.0,671,5962.475147,0,554.547852,2.456073,659_0_0_6_6_0_0_0_0_0_0_0_0_0_
0.0,671,5969.732504,0,554.547852,2.456073,659_0_0_6_6_0_0_0_0_0_0_0_0_0_
0.0,671,5976.874563,0,554.547852,2.456073,659_0_0_6_6_0_0_0_0_0_0_0_0_0_
0.0,671,5983.890115,0,554.547852,2.456073,659_0_0_6_6_0_0_0_0_0_0_0_0_0_
0.0,671,5990.850056,0,554.547852,2.456073,659_0_0_6_6_0_0_0_0_0_0_0_0_0_
0.0,671,5997.95541,0,554.547852,2.456073,659_0_0_6_6_0_0_0_0_0_0_0_0_0_
0.0,671,6005.232924,0,554.547852,2.456073,659_0_0_6_6_0_0_0_0_0_0_0_0_0_
0.0,671,6012.413477,0,554.547852,2.456073,659_0_0_6_6_0_0_0_0_0_0_0_0_0_
0.0,671,6020.316356,0,41.949524,2.682191,655_1_0_5_6_3_1_0_0_0_0_0_0_0_
-1.0,420,6025.369456,0,20.718088,0.006803,403_2_0_6_8_1_0_0_0_0_0_0_0_0_
0.0,671,6033.36723,0,107.129448,0.003644,651_1_0_8_8_2_1_0_0_0_0_0_0_0_
-1.0,93,6058.432009,0,20.535778,2.900954,85_1_0_1_3_2_0_0_0_1_0_0_0_0_
-1.0,202,6060.831427,0,16.415533,1.325864,186_2_2_5_6_0_1_0_0_0_0_0_0_0_
0.0,671,6068.811696,0,75.445732,0.006444,654_1_1_5_6_4_0_0_0_0_0_0_0_0_
0.0,671,6076.645141,0,174.363968,2.304733,658_2_0_3_5_3_0_0_0_0_0_0_0_0_
0.0,671,6086.356514,0,58.81237,0.005136,656_3_0_5_4_3_0_0_0_0_0_0_0_0_
-1.0,211,6088.958954,0,24.536024,2.043182,194_2_0_5_7_1_1_0_1_0_0_0_0_0_
0.0,671,6096.842266,0,64.884171,0.121671,650_1_2_8_9_1_0_0_0_0_0_0_0_0_
0.0,671,6104.409796,0,480.305786,2.342299,657_0_0_7_7_0_0_0_0_0_0_0_0_0_
0.0,671,6111.478888,0,480.305786,2.342299,657_0_0_7_7_0_0_0_0_0_0_0_0_0_
0.0,671,6118.574205,0,480.305786,2.342299,657_0_0_7_7_0_0_0_0_0_0_0_0_0_
0.0,671,6125.827703,0,480.305786,2.342299,657_0_0_7_7_0_0_0_0_0_0_0_0_0_
0.0,671,6132.936037,0,480.305786,2.342299,657_0_0_7_7_0_0_0_0_0_0_0_0_0_
0.0,671,6140.274959,0,480.305786,2.342299,657_0_0_7_7_0_0_0_0_0_0_0_0_0_
0.0,671,6147.538867,0,480.305786,2.342299,657_0_0_7_7_0_0_0_0_0_0_0_0_0_
0.0,671,6154.635973,0,480.305786,2.342299,657_0_0_7_7_0_0_0_0_0_0_0_0_0_
0.0,671,6161.759078,0,480.305786,2.342299,657_0_0_7_7_0_0_0_0_0_0_0_0_0_
0.0,671,6168.909001,0,480.305786,2.342299,657_0_0_7_7_0_0_0_0_0_0_0_0_0_
0.0,671,6184.641467,0,35.471706,0.001522,649_1_0_8_10_2_1_0_0_0_0_0_0_0_
-1.0,262,6187.848642,0,30.171516,1.15708,244_1_1_6_8_1_1_0_0_0_0_0_0_0_
-1.0,449,6195.028303,0,20.668568,0.007401,431_2_1_7_7_1_0_0_0_0_0_0_0_0_
-1.0,468,6200.729872,0,30.312603,0.146715,447_1_0_9_10_0_1_0_0_0_0_0_0_0_
-1.0,265,6203.947715,0,27.573751,1.630293,246_1_1_7_9_0_1_0_0_0_0_0_0_0_
-1.0,629,6211.424436,0,32.876652,1.430935,607_1_0_9_10_1_1_0_0_0_0_0_0_0_
-1.0,314,6239.110564,0,15.340506,0.009544,297_2_1_6_8_0_0_0_0_0_0_0_0_0_
-1.0,412,6243.932672,0,21.940971,0.79563,395_2_0_6_8_0_1_0_0_0_0_0_0_0_
0.0,671,6251.841471,0,143.065948,1.173985,653_1_0_8_7_2_0_0_0_0_0_0_0_0_
0.0,671,6259.702024,0,40.541294,0.005531,652_1_0_7_8_1_2_0_0_0_0_0_0_0_
0.0,671,6268.967369,0,703.03186,2.684117,663_0_0_4_4_0_0_0_0_0_0_0_0_0_
0.0,671,6276.007199,0,703.03186,2.684117,663_0_0_4_4_0_0_0_0_0_0_0_0_0_
0.0,671,6282.874768,0,703.03186,2.684117,663_0_0_4_4_0_0_0_0_0_0_0_0_0_
0.0,671,6289.744019,0,703.03186,2.684117,663_0_0_4_4_0_0_0_0_0_0_0_0_0_
0.0,671,6296.567439,0,703.03186,2.684117,663_0_0_4_4_0_0_0_0_0_0_0_0_0_
0.0,671,6303.699974,0,703.03186,2.684117,663_0_0_4_4_0_0_0_0_0_0_0_0_0_
0.0,671,6310.781196,0,703.03186,2.684117,663_0_0_4_4_0_0_0_0_0_0_0_0_0_
0.0,671,6317.867269,0,703.03186,2.684117,663_0_0_4_4_0_0_0_0_0_0_0_0_0_
0.0,671,6324.968948,0,703.03186,2.684117,663_0_0_4_4_0_0_0_0_0_0_0_0_0_
0.0,671,6332.047484,0,703.03186,2.684117,663_0_0_4_4_0_0_0_0_0_0_0_0_0_
-1.0,614,6340.700198,0,21.937777,1.519928,597_2_0_7_7_0_1_0_0_0_0_0_0_0_
0.0,671,6348.213558,0,249.186844,1.681656,654_1_1_7_8_0_0_0_0_0_0_0_0_0_
0.0,671,6355.85408,0,326.024475,2.168331,656_1_0_6_7_1_0_0_0_0_0_0_0_0_
0.0,671,6365.291373,0,328.642914,2.509532,658_1_0_4_6_2_0_0_0_0_0_0_0_0_
0.0,671,6373.073202,0,249.156403,1.629037,653_1_0_9_8_0_0_0_0_0_0_0_0_0_
0.0,671,6380.976829,0,59.411922,0.00225,652_2_0_8_9_0_0_0_0_0_0_0_0_0_
0.0,671,6390.462856,0,174.966049,1.72181,653_1_0_8_9_0_0_0_0_0_0_0_0_0_
0.0,671,6401.668958,0,498.471161,2.303117,657_0_0_0_7_7_0_0_0_0_0_0_0_0_
0.0,671,6408.585261,0,498.471161,2.303117,657_0_0_0_7_7_0_0_0_0_0_0_0_0_
0.0,671,6415.507734,0,498.471161,2.303117,657_0_0_0_7_7_0_0_0_0_0_0_0_0_
0.0,671,6422.646977,0,498.471161,2.303117,657_0_0_0_7_7_0_0_0_0_0_0_0_0_
0.0,671,6429.763906,0,498.471161,2.303117,657_0_0_0_7_7_0_0_0_0_0_0_0_0_
0.0,671,6437.148864,0,498.471161,2.303117,657_0_0_0_7_7_0_0_0_0_0_0_0_0_
0.0,671,6444.403419,0,498.471161,2.303117,657_0_0_0_7_7_0_0_0_0_0_0_0_0_
0.0,671,6451.619576,0,498.471161,2.303117,657_0_0_0_7_7_0_0_0_0_0_0_0_0_
0.0,671,6458.637974,0,498.471161,2.303117,657_0_0_0_7_7_0_0_0_0_0_0_0_0_
0.0,671,6465.526156,0,498.471161,2.303117,657_0_0_0_7_7_0_0_0_0_0_0_0_0_
0.0,671,6484.534476,0,193.589493,2.916425,653_0_1_4_6_5_0_0_2_0_0_0_0_0_
0.0,671,6494.121551,0,249.024506,2.421308,663_1_2_1_2_2_0_0_0_0_0_0_0_0_
0.0,671,6501.989843,0,264.876099,2.669923,657_1_0_1_6_6_0_0_0_0_0_0_0_0_
0.0,671,6509.882052,0,280.947876,2.062325,652_0_0_1_9_9_0_0_0_0_0_0_0_0_
0.0,671,6539.786634,0,201.406738,2.31395,653_0_1_1_8_8_0_0_0_0_0_0_0_0_
0.0,671,6547.545974,0,267.846039,2.912817,657_0_1_4_4_5_0_0_0_0_0_0_0_0_
0.0,671,6555.41116,0,36.774021,0.984818,656_1_1_3_5_5_0_0_0_0_0_0_0_0_
0.0,671,6566.121337,0,267.884125,3.083815,664_0_0_3_0_3_0_0_0_1_0_0_0_0_
0.0,671,6573.12763,0,267.884125,3.083815,664_0_0_3_0_3_0_0_0_1_0_0_0_0_
0.0,671,6580.179977,0,267.884125,3.083815,664_0_0_3_0_3_0_0_0_1_0_0_0_0_
0.0,671,6587.179095,0,267.884125,3.083815,664_0_0_3_0_3_0_0_0_1_0_0_0_0_
0.0,671,6593.979809,0,267.884125,3.083815,664_0_0_3_0_3_0_0_0_1_0_0_0_0_
0.0,671,6601.00579,0,267.884125,3.083815,664_0_0_3_0_3_0_0_0_1_0_0_0_0_
0.0,671,6608.066574,0,267.884125,3.083815,664_0_0_3_0_3_0_0_0_1_0_0_0_0_
0.0,671,6615.160128,0,267.884125,3.083815,664_0_0_3_0_3_0_0_0_1_0_0_0_0_
0.0,671,6622.225549,0,267.884125,3.083815,664_0_0_3_0_3_0_0_0_1_0_0_0_0_
0.0,671,6629.256758,0,267.884125,3.083815,664_0_0_3_0_3_0_0_0_1_0_0_0_0_
0.0,671,6638.638074,0,270.585754,2.954463,655_0_0_5_5_5_0_0_1_0_0_0_0_0_
0.0,671,6646.125274,0,267.848267,2.574897,658_0_1_5_2_5_0_0_0_0_0_0_0_0_
0.0,671,6653.692998,0,251.561401,2.31919,660_1_3_1_3_3_0_0_0_0_0_0_0_0_
0.0,671,6663.195315,0,262.515015,2.435976,658_0_2_4_3_4_0_0_0_0_0_0_0_0_
0.0,671,6671.030804,0,259.91861,2.703695,657_0_2_3_6_3_0_0_0_0_0_0_0_0_
0.0,671,6678.847322,0,180.336746,1.43289,655_0_3_4_7_2_0_0_0_0_0_0_0_0_
0.0,671,6688.421256,0,257.815155,2.169217,660_0_0_5_4_1_0_0_0_1_0_0_0_0_
0.0,671,6699.267207,0,677.593506,0.003074,662_0_0_0_4_5_0_0_0_0_0_0_0_0_
0.0,671,6706.422363,0,677.593506,0.003074,662_0_0_0_4_5_0_0_0_0_0_0_0_0_
0.0,671,6713.650705,0,677.593506,0.003074,662_0_0_0_4_5_0_0_0_0_0_0_0_0_
0.0,671,6720.91007,0,677.593506,0.003074,662_0_0_0_4_5_0_0_0_0_0_0_0_0_
0.0,671,6728.321602,0,677.593506,0.003074,662_0_0_0_4_5_0_0_0_0_0_0_0_0_
0.0,671,6735.781545,0,677.593506,0.003074,662_0_0_0_4_5_0_0_0_0_0_0_0_0_
0.0,671,6743.181885,0,677.593506,0.003074,662_0_0_0_4_5_0_0_0_0_0_0_0_0_
0.0,671,6750.561099,0,677.593506,0.003074,662_0_0_0_4_5_0_0_0_0_0_0_0_0_
0.0,671,6757.87024,0,677.593506,0.003074,662_0_0_0_4_5_0_0_0_0_0_0_0_0_
0.0,671,6765.113378,0,677.593506,0.003074,662_0_0_0_4_5_0_0_0_0_0_0_0_0_
0.0,671,6784.480129,0,190.892685,2.468778,655_0_2_2_7_5_0_0_0_0_0_0_0_0_
0.0,671,6792.258042,0,254.198013,1.839207,654_1_3_3_7_3_0_0_0_0_0_0_0_0_
0.0,671,6801.639214,0,188.768661,3.001235,660_0_0_4_3_3_0_0_0_1_0_0_0_0_
0.0,671,6809.445965,0,262.628723,2.554951,654_0_1_5_8_3_0_0_0_0_0_0_0_0_
0.0,671,6817.168481,0,265.223785,2.697491,654_0_1_4_6_4_0_0_2_0_0_0_0_0_
0.0,671,6844.719707,0,320.315155,2.586352,663_2_0_1_3_2_0_0_0_0_0_0_0_0_
0.0,671,6852.528036,0,259.838318,2.681412,661_0_3_0_3_4_0_0_0_0_0_0_0_0_
0.0,671,6863.283704,0,641.765137,2.543891,661_0_0_0_5_5_0_0_0_0_0_0_0_0_
0.0,671,6870.309713,0,641.765137,2.543891,661_0_0_0_5_5_0_0_0_0_0_0_0_0_
0.0,671,6877.226372,0,641.765137,2.543891,661_0_0_0_5_5_0_0_0_0_0_0_0_0_
0.0,671,6884.086744,0,641.765137,2.543891,661_0_0_0_5_5_0_0_0_0_0_0_0_0_
0.0,671,6890.944682,0,641.765137,2.543891,661_0_0_0_5_5_0_0_0_0_0_0_0_0_
0.0,671,6897.902992,0,641.765137,2.543891,661_0_0_0_5_5_0_0_0_0_0_0_0_0_
0.0,671,6905.028296,0,641.765137,2.543891,661_0_0_0_5_5_0_0_0_0_0_0_0_0_
0.0,671,6912.11042,0,641.765137,2.543891,661_0_0_0_5_5_0_0_0_0_0_0_0_0_
0.0,671,6919.139061,0,641.765137,2.543891,661_0_0_0_5_5_0_0_0_0_0_0_0_0_
0.0,671,6926.206664,0,641.765137,2.543891,661_0_0_0_5_5_0_0_0_0_0_0_0_0_
0.0,671,6935.740924,0,193.610962,2.745239,655_0_1_4_6_5_0_0_0_0_0_0_0_0_
0.0,671,6943.287196,0,190.745789,0.92221,658_0_2_3_5_2_1_0_0_0_0_0_0_0_
0.0,671,6950.761542,0,262.641418,2.595933,655_0_1_5_7_3_0_0_0_0_0_0_0_0_
0.0,671,6960.059064,0,257.046844,2.332169,659_1_0_5_3_3_0_0_0_0_0_0_0_0_
0.0,671,6967.779528,0,334.144104,2.55909,659_0_2_3_4_3_0_0_0_0_0_0_0_0_
0.0,671,6975.674268,0,139.00116,0.007469,655_1_3_4_6_2_0_0_0_0_0_0_0_0_
0.0,671,6985.156934,0,243.516663,0.696813,657_1_5_2_5_1_0_0_0_0_0_0_0_0_
0.0,671,6996.036097,0,303.595673,7.3e-05,660_0_2_0_3_6_0_0_0_0_0_0_0_0_
0.0,671,7003.098346,0,303.595673,7.3e-05,660_0_2_0_3_6_0_0_0_0_0_0_0_0_
0.0,671,7010.224874,0,303.595673,7.3e-05,660_0_2_0_3_6_0_0_0_0_0_0_0_0_
0.0,671,7017.316444,0,303.595673,7.3e-05,660_0_2_0_3_6_0_0_0_0_0_0_0_0_
0.0,671,7024.659224,0,303.595673,7.3e-05,660_0_2_0_3_6_0_0_0_0_0_0_0_0_
0.0,671,7031.932046,0,303.595673,7.3e-05,660_0_2_0_3_6_0_0_0_0_0_0_0_0_
0.0,671,7039.270265,0,303.595673,7.3e-05,660_0_2_0_3_6_0_0_0_0_0_0_0_0_
0.0,671,7046.672954,0,303.595673,7.3e-05,660_0_2_0_3_6_0_0_0_0_0_0_0_0_
0.0,671,7054.083835,0,303.595673,7.3e-05,660_0_2_0_3_6_0_0_0_0_0_0_0_0_
0.0,671,7061.188948,0,303.595673,7.3e-05,660_0_2_0_3_6_0_0_0_0_0_0_0_0_
0.0,671,7084.559428,0,180.172668,1.282682,657_0_4_1_4_3_0_0_2_0_0_0_0_0_
0.0,671,7092.359961,0,262.561127,2.967955,659_0_2_2_2_4_0_0_2_0_0_0_0_0_
0.0,671,7102.10099,0,182.840714,1.997033,659_0_4_1_3_4_0_0_0_0_0_0_0_0_
0.0,671,7110.07709,0,216.076752,0.003905,661_0_4_2_1_3_0_0_0_0_0_0_0_0_
0.0,671,7117.512583,0,262.545074,2.898758,659_0_2_2_3_4_0_0_1_0_0_0_0_0_
0.0,671,7142.218956,0,181.321228,0.003976,661_1_2_2_1_4_0_0_0_0_0_0_0_0_
0.0,671,7150.080161,0,185.564209,2.886176,659_0_3_1_2_4_0_0_2_0_0_0_0_0_
0.0,671,7161.281143,0,749.240479,0.00144,664_0_0_0_3_4_0_0_0_0_0_0_0_0_
0.0,671,7168.927251,0,749.240479,0.00144,664_0_0_0_3_4_0_0_0_0_0_0_0_0_
0.0,671,7176.516431,0,749.240479,0.00144,664_0_0_0_3_4_0_0_0_0_0_0_0_0_
0.0,671,7183.829196,0,749.240479,0.00144,664_0_0_0_3_4_0_0_0_0_0_0_0_0_
0.0,671,7191.166226,0,749.240479,0.00144,664_0_0_0_3_4_0_0_0_0_0_0_0_0_
0.0,671,7198.609797,0,749.240479,0.00144,664_0_0_0_3_4_0_0_0_0_0_0_0_0_
0.0,671,7206.122324,0,749.240479,0.00144,664_0_0_0_3_4_0_0_0_0_0_0_0_0_
0.0,671,7213.628436,0,749.240479,0.00144,664_0_0_0_3_4_0_0_0_0_0_0_0_0_
0.0,671,7221.187348,0,749.240479,0.00144,664_0_0_0_3_4_0_0_0_0_0_0_0_0_
0.0,671,7228.762182,0,749.240479,0.00144,664_0_0_0_3_4_0_0_0_0_0_0_0_0_
0.0,671,7236.706842,0,186.973236,0.002923,659_0_3_2_1_4_0_0_2_0_0_0_0_0_
0.0,671,7265.286749,0,104.655243,0.003056,660_0_5_1_2_3_0_0_0_0_0_0_0_0_
0.0,671,7273.237805,0,112.032646,0.006742,655_1_3_1_4_5_1_0_1_0_0_0_0_0_
0.0,671,7281.069383,0,38.249199,0.000453,659_0_4_0_2_5_1_0_0_0_0_0_0_0_
-1.0,173,7284.890069,0,14.228244,2.286336,161_1_2_1_0_2_4_2_0_0_0_0_0_0_
0.0,671,7292.766359,0,87.159981,0.004441,660_0_2_3_2_2_2_0_0_0_0_0_0_0_
-1.0,234,7295.542661,0,7.030562,1.188008,217_0_1_1_3_6_3_3_0_0_0_0_0_0_
-1.0,172,7297.623576,0,20.388287,2.749973,159_0_2_2_3_2_3_1_0_0_0_0_0_0_
-1.0,215,7300.080028,0,29.849829,2.094988,200_0_2_3_3_2_2_3_0_0_0_0_0_0_
0.0,671,7307.599438,0,43.395706,0.001686,660_0_4_1_1_2_2_0_1_0_0_0_0_0_
0.0,671,7327.517006,0,708.250061,3.030679,666_0_0_2_0_2_0_0_1_0_0_0_0_0_
0.0,671,7334.747671,0,708.250061,3.030679,666_0_0_2_0_2_0_0_1_0_0_0_0_0_
0.0,671,7341.924129,0,708.250061,3.030679,666_0_0_2_0_2_0_0_1_0_0_0_0_0_
0.0,671,7349.100313,0,708.250061,3.030679,666_0_0_2_0_2_0_0_1_0_0_0_0_0_
0.0,671,7356.227604,0,708.250061,3.030679,666_0_0_2_0_2_0_0_1_0_0_0_0_0_
0.0,671,7363.144109,0,708.250061,3.030679,666_0_0_2_0_2_0_0_1_0_0_0_0_0_
0.0,671,7369.992896,0,708.250061,3.030679,666_0_0_2_0_2_0_0_1_0_0_0_0_0_
0.0,671,7376.879551,0,708.250061,3.030679,666_0_0_2_0_2_0_0_1_0_0_0_0_0_
0.0,671,7383.968964,0,708.250061,3.030679,666_0_0_2_0_2_0_0_1_0_0_0_0_0_
0.0,671,7391.074119,0,708.250061,3.030679,666_0_0_2_0_2_0_0_1_0_0_0_0_0_
-1.0,234,7393.894376,0,30.670977,1.807246,217_0_1_2_4_5_4_1_0_0_0_0_0_0_
-1.0,233,7396.719256,0,16.384708,1.924874,217_1_2_1_4_1_4_3_0_0_0_0_0_0_
0.0,671,7404.486496,0,52.661736,2.33639,660_0_2_2_1_3_2_0_1_0_0_0_0_0_
0.0,671,7412.282695,0,52.684212,0.003046,658_0_2_2_4_3_2_0_0_0_0_0_0_0_
